# This line is skipped,,,,,,,,,,,,,,,,,,,,,,,,,,,,,,,,,,,,,
Year,Month,Day,GlobalRadiation,CloudCover,AirTemperature,RelativeHumidity,AirPressure,WindSpeed,Precipitation,InflowQ,InflowT,POC,InflowTP,InflowDOP,DOC,DIC,O,NO3,NH4,SO4,Fe2,Ca2,pH,CH4aq,Fe3,Al3,FeS,CaCO3,CH4g,POP,Si,InflowChl_1,InflowChl_2,InflowChl_3,InflowChl_4,InflowChl_5,InflowChl_6
2009,1,1,3.156864902,0.87,-2.621108008,94.54395065,1013.25,1.410859352,0,638496,5.781016949,0,9.875,0,1344.069767,0,0,468.6875,16.1875,3536.779661,0,5441.186441,6.96625,0,0,0,0,0,0,4.984375,1703.125,0.223958333,0.223958333,0.223958333,0.223958333,0.223958333,0.223958333
2009,1,2,3.005221671,0.7,1.922860218,85.13454772,1013.25,1.31830286,0,540000,5.748135593,0,9.75,0,1343.72093,0,0,471.875,16.875,3534.237288,0,5439.491525,6.9625,0,0,0,0,0,0,5.07375,1701.25,0.217916667,0.217916667,0.217916667,0.217916667,0.217916667,0.217916667
2009,1,3,0.808707448,0.73,1.265368125,80.75960464,1013.25,0.98703143,0,463104,5.715254237,0,9.625,0,1343.372093,0,0,475.0625,17.5625,3531.694915,0,5437.79661,6.95875,0,0,0,0,0,0,5.163125,1699.375,0.211875,0.211875,0.211875,0.211875,0.211875,0.211875
2009,1,4,2.287743596,0.72,1.400436256,85.09350622,1013.25,0.411095277,0,412992,5.682372881,0,9.5,0,1343.023256,0,0,478.25,18.25,3529.152542,0,5436.101695,6.955,0,0,0,0,0,0,5.2525,1697.5,0.205833333,0.205833333,0.205833333,0.205833333,0.205833333,0.205833333
2009,1,5,2.955953033,0.7,1.062041622,79.59676953,1013.25,1.099328099,0,359424,5.649491525,0,9.375,0,1342.674419,0,0,481.4375,18.9375,3526.610169,0,5434.40678,6.95125,0,0,0,0,0,0,5.341875,1695.625,0.199791667,0.199791667,0.199791667,0.199791667,0.199791667,0.199791667
2009,1,6,3.233542315,0.67,-1.449685698,85.91098529,1013.25,0.99083727,0,321408,5.616610169,0,9.25,0,1342.325581,0,0,484.625,19.625,3524.067797,0,5432.711864,6.9475,0,0,0,0,0,0,5.43125,1693.75,0.19375,0.19375,0.19375,0.19375,0.19375,0.19375
2009,1,7,1.081039669,0.71,1.072279098,94.99913094,1013.25,0.857201518,0,304992,5.583728814,0,9.125,0,1341.976744,0,0,487.8125,20.3125,3521.525424,0,5431.016949,6.94375,0,0,0,0,0,0,5.520625,1691.875,0.187708333,0.187708333,0.187708333,0.187708333,0.187708333,0.187708333
2009,1,8,1.104788049,0.71,2.799061878,97.01476791,1013.25,0.967454985,0,281664,5.550847458,0,9,0,1341.627907,0,0,491,21,3518.983051,0,5429.322034,6.94,0,0,0,0,0,0,5.61,1690,0.181666667,0.181666667,0.181666667,0.181666667,0.181666667,0.181666667
2009,1,9,0.731901892,0.8,1.948509385,92.2815755,1013.25,1.907417292,0,264384,5.517966102,0,11,0,1341.27907,0,0,491.8333333,21.33333333,3516.440678,0,5427.627119,6.940833333,0,0,0,0,0,0,5.63,1685.833333,0.18125,0.18125,0.18125,0.18125,0.18125,0.18125
2009,1,10,0.911298438,0.76,1.328400092,90.39383714,1013.25,4.530201546,0,313632,5.485084746,0,13,0,1340.930233,0,0,492.6666667,21.66666667,3513.898305,0,5425.932203,6.941666667,0,0,0,0,0,0,5.65,1681.666667,0.180833333,0.180833333,0.180833333,0.180833333,0.180833333,0.180833333
2009,1,11,0.166667315,0.96,7.045820648,94.90115458,1013.25,8.87787871,0,2030400,5.45220339,0,15,0,1340.581395,0,0,493.5,22,3511.355932,0,5424.237288,6.9425,0,0,0,0,0,0,5.67,1677.5,0.180416667,0.180416667,0.180416667,0.180416667,0.180416667,0.180416667
2009,1,12,0.713191528,0.81,7.479384107,95.87781223,1013.25,4.920449257,0,4691520,5.419322034,0,17,0,1340.232558,0,0,494.3333333,22.33333333,3508.813559,0,5422.542373,6.943333333,0,0,0,0,0,0,5.69,1673.333333,0.18,0.18,0.18,0.18,0.18,0.18
2009,1,13,1.481814466,0.78,4.531520651,97.08823685,1013.25,1.199606225,0,4345920,5.386440678,0,19,0,1339.883721,0,0,495.1666667,22.66666667,3506.271186,0,5420.847458,6.944166667,0,0,0,0,0,0,5.71,1669.166667,0.179583333,0.179583333,0.179583333,0.179583333,0.179583333,0.179583333
2009,1,14,1.668431236,0.73,3.719357909,94.06086851,1013.25,1.494599339,0,3689280,5.353559322,0,21,0,1339.534884,0,0,496,23,3503.728814,0,5419.152542,6.945,0,0,0,0,0,0,5.73,1665,0.179166667,0.179166667,0.179166667,0.179166667,0.179166667,0.179166667
2009,1,15,0.333335763,0.93,7.053315751,88.88452327,1013.25,6.246314491,0,3412800,5.320677966,0,23,0,1339.186047,0,0,496.8333333,23.33333333,3501.186441,0,5417.457627,6.945833333,0,0,0,0,0,0,5.75,1660.833333,0.17875,0.17875,0.17875,0.17875,0.17875,0.17875
2009,1,16,1.310027486,0.68,6.392532982,93.11486,1013.25,5.85729361,0,3464640,5.28779661,0,25,0,1338.837209,0,0,497.6666667,23.66666667,3498.644068,0,5415.762712,6.946666667,0,0,0,0,0,0,5.77,1656.666667,0.178333333,0.178333333,0.178333333,0.178333333,0.178333333,0.178333333
2009,1,17,2.865569434,0.64,6.37353658,86.36451672,1013.25,6.153239197,0,3810240,5.254915254,0,27,0,1338.488372,0,0,498.5,24,3496.101695,0,5414.067797,6.9475,0,0,0,0,0,0,5.79,1652.5,0.177916667,0.177916667,0.177916667,0.177916667,0.177916667,0.177916667
2009,1,18,1.749656018,0.65,4.754742412,81.6833964,1013.25,5.375813252,0,3715200,5.222033898,0,29,0,1338.139535,0,0,499.3333333,24.33333333,3493.559322,0,5412.372881,6.948333333,0,0,0,0,0,0,5.81,1648.333333,0.1775,0.1775,0.1775,0.1775,0.1775,0.1775
2009,1,19,1.206410219,0.72,3.322489001,89.7555831,1013.25,3.851591448,0,3637440,5.189152542,0,31,0,1337.790698,0,0,500.1666667,24.66666667,3491.016949,0,5410.677966,6.949166667,0,0,0,0,0,0,5.83,1644.166667,0.177083333,0.177083333,0.177083333,0.177083333,0.177083333,0.177083333
2009,1,20,2.174026104,0.56,4.51340704,85.53758289,1013.25,5.390312878,0,3473280,5.156271186,0,33,0,1337.44186,0,0,501,25,3488.474576,0,5408.983051,6.95,0,0,0,0,0,0,5.85,1640,0.176666667,0.176666667,0.176666667,0.176666667,0.176666667,0.176666667
2009,1,21,2.233727428,0.58,3.453746732,89.62766343,1013.25,3.477123959,0,3326400,5.123389831,0,32.14285714,0,1337.093023,0,0,502.2857143,24.42857143,3485.932203,0,5407.288136,6.953571429,0,0,0,0,0,0,5.851428571,1639.285714,0.174880952,0.174880952,0.174880952,0.174880952,0.174880952,0.174880952
2009,1,22,3.921364211,0.82,5.754106681,82.35847165,1013.25,5.189803943,0,4812480,5.090508475,0,31.28571429,0,1336.744186,0,0,503.5714286,23.85714286,3483.389831,0,5405.59322,6.957142857,0,0,0,0,0,0,5.852857143,1638.571429,0.173095238,0.173095238,0.173095238,0.173095238,0.173095238,0.173095238
2009,1,23,2.719615518,0.62,2.89112603,89.8301321,1013.25,1.537767486,0,4717440,5.057627119,0,30.42857143,0,1336.395349,0,0,504.8571429,23.28571429,3480.847458,0,5403.898305,6.960714286,0,0,0,0,0,0,5.854285714,1637.857143,0.171309524,0.171309524,0.171309524,0.171309524,0.171309524,0.171309524
2009,1,24,3.15941982,0.58,3.429171589,87.72030054,1013.25,2.114947927,0,4026240,5.024745763,0,29.57142857,0,1336.046512,0,0,506.1428571,22.71428571,3478.305085,0,5402.20339,6.964285714,0,0,0,0,0,0,5.855714286,1637.142857,0.16952381,0.16952381,0.16952381,0.16952381,0.16952381,0.16952381
2009,1,25,3.024195125,0.66,5.011342487,82.74043408,1013.25,4.001827627,0,3689280,4.991864407,0,28.71428571,0,1335.697674,0,0,507.4285714,22.14285714,3475.762712,0,5400.508475,6.967857143,0,0,0,0,0,0,5.857142857,1636.428571,0.167738095,0.167738095,0.167738095,0.167738095,0.167738095,0.167738095
2009,1,26,1.806458441,0.7,4.149599807,90.78925668,1013.25,1.311885858,0,3153600,4.958983051,0,27.85714286,0,1335.348837,0,0,508.7142857,21.57142857,3473.220339,0,5398.813559,6.971428571,0,0,0,0,0,0,5.858571429,1635.714286,0.165952381,0.165952381,0.165952381,0.165952381,0.165952381,0.165952381
2009,1,27,0.970043038,0.76,4.053762851,96.28348464,1013.25,1.172467421,0,2756160,4.926101695,0,27,0,1335,0,0,510,21,3470.677966,0,5397.118644,6.975,0,0,0,0,0,0,5.86,1635,0.164166667,0.164166667,0.164166667,0.164166667,0.164166667,0.164166667
2009,1,28,1.726348389,0.73,3.870003676,98.89595252,1013.25,0.992343448,0,2479680,4.893220339,0,26.14285714,0,1334.651163,0,0,511.2857143,20.42857143,3468.135593,0,5395.423729,6.978571429,0,0,0,0,0,0,5.861428571,1634.285714,0.162380952,0.162380952,0.162380952,0.162380952,0.162380952,0.162380952
2009,1,29,1.196342125,0.82,4.308407345,90.52969928,1013.25,2.65743504,0,2151360,4.860338983,0,25.28571429,0,1334.302326,0,0,512.5714286,19.85714286,3465.59322,0,5393.728814,6.982142857,0,0,0,0,0,0,5.862857143,1633.571429,0.160595238,0.160595238,0.160595238,0.160595238,0.160595238,0.160595238
2009,1,30,0.696096747,0.9,3.991145528,83.45971026,1013.25,2.252051287,0,2064960,4.827457627,0,24.42857143,0,1333.953488,0,0,513.8571429,19.28571429,3463.050847,0,5392.033898,6.985714286,0,0,0,0,0,0,5.864285714,1632.857143,0.158809524,0.158809524,0.158809524,0.158809524,0.158809524,0.158809524
2009,1,31,2.099833679,0.71,4.545045532,63.40930664,1013.25,2.832778389,0,1952640,4.794576271,0,23.57142857,0,1333.604651,0,0,515.1428571,18.71428571,3460.508475,0,5390.338983,6.989285714,0,0,0,0,0,0,5.865714286,1632.142857,0.15702381,0.15702381,0.15702381,0.15702381,0.15702381,0.15702381
2009,2,1,1.730752495,0.75,1.847363795,70.12519065,1013.25,3.557405996,0,1736640,4.761694915,0,22.71428571,0,1333.255814,0,0,516.4285714,18.14285714,3457.966102,0,5388.644068,6.992857143,0,0,0,0,0,0,5.867142857,1631.428571,0.155238095,0.155238095,0.155238095,0.155238095,0.155238095,0.155238095
2009,2,2,2.984249719,0.6,1.073202443,83.54764094,1013.25,5.269251936,0,1520640,4.728813559,0,21.85714286,0,1332.906977,0,0,517.7142857,17.57142857,3455.423729,0,5386.949153,6.996428571,0,0,0,0,0,0,5.868571429,1630.714286,0.153452381,0.153452381,0.153452381,0.153452381,0.153452381,0.153452381
2009,2,3,6.107347287,0.6,1.718639936,76.49556465,1013.25,2.768668749,0,1296000,4.695932203,0,21,0,1332.55814,0,0,519,17,3452.881356,0,5385.254237,7,0,0,0,0,0,0,5.87,1630,0.151666667,0.151666667,0.151666667,0.151666667,0.151666667,0.151666667
2009,2,4,1.088219447,0.82,0.837452061,84.60686937,1013.25,0.761355981,0,1131840,4.663050847,0,20.14285714,0,1332.209302,0,0,522.7142857,17.64285714,3450.338983,0,5383.559322,7.001428571,0,0,0,0,0,0,5.908571429,1644.285714,0.155119048,0.155119048,0.155119048,0.155119048,0.155119048,0.155119048
2009,2,5,3.102628737,0.66,1.012762627,78.68247696,1013.25,2.453149027,0,967680,4.630169492,0,19.28571429,0,1331.860465,0,0,526.4285714,18.28571429,3447.79661,0,5381.864407,7.002857143,0,0,0,0,0,0,5.947142857,1658.571429,0.158571429,0.158571429,0.158571429,0.158571429,0.158571429,0.158571429
2009,2,6,6.809494341,0.85,0.784137725,75.16755042,1013.25,1.63829257,0,825120,4.597288136,0,18.42857143,0,1331.511628,0,0,530.1428571,18.92857143,3445.254237,0,5380.169492,7.004285714,0,0,0,0,0,0,5.985714286,1672.857143,0.16202381,0.16202381,0.16202381,0.16202381,0.16202381,0.16202381
2009,2,7,5.367993191,0.64,1.440050467,75.2135737,1013.25,2.851229688,0,724896,4.56440678,0,17.57142857,0,1331.162791,0,0,533.8571429,19.57142857,3442.711864,0,5378.474576,7.005714286,0,0,0,0,0,0,6.024285714,1687.142857,0.16547619,0.16547619,0.16547619,0.16547619,0.16547619,0.16547619
2009,2,8,3.745878478,0.53,-0.855590345,86.68597601,1013.25,0.813156881,0,630720,4.531525424,0,16.71428571,0,1330.813953,0,0,537.5714286,20.21428571,3440.169492,0,5376.779661,7.007142857,0,0,0,0,0,0,6.062857143,1701.428571,0.168928571,0.168928571,0.168928571,0.168928571,0.168928571,0.168928571
2009,2,9,2.243826632,0.8,1.105457628,94.89146292,1013.25,1.695038068,0,577152,4.498644068,0,15.85714286,0,1330.465116,0,0,541.2857143,20.85714286,3437.627119,0,5375.084746,7.008571429,0,0,0,0,0,0,6.101428571,1715.714286,0.172380952,0.172380952,0.172380952,0.172380952,0.172380952,0.172380952
2009,2,10,8.481147291,0.62,2.692742275,74.88478938,1013.25,2.864854542,0,485568,4.465762712,0,15,0,1330.116279,0,0,545,21.5,3435.084746,0,5373.389831,7.01,0,0,0,0,0,0,6.14,1730,0.175833333,0.175833333,0.175833333,0.175833333,0.175833333,0.175833333
2009,2,11,4.051941366,0.69,1.327503694,85.73319944,1013.25,1.602721274,0,443232,4.432881356,0,14.14285714,0,1329.767442,0,0,548.7142857,22.14285714,3432.542373,0,5371.694915,7.011428571,0,0,0,0,0,0,6.178571429,1744.285714,0.179285714,0.179285714,0.179285714,0.179285714,0.179285714,0.179285714
2009,2,12,1.749411526,0.82,0.143033997,90.17080253,1013.25,1.291982244,0,413856,4.4,0,13.28571429,0,1329.418605,0,0,552.4285714,22.78571429,3430,0,5370,7.012857143,0,0,0,0,0,0,6.217142857,1758.571429,0.182738095,0.182738095,0.182738095,0.182738095,0.182738095,0.182738095
2009,2,13,4.462266773,0.61,2.757229704,87.59707987,1013.25,1.00191826,0,404352,4.426296296,0,12.42857143,0,1329.069767,0,0,556.1428571,23.42857143,3435.555556,0,5374.074074,7.014285714,0,0,0,0,0,0,6.255714286,1772.857143,0.186190476,0.186190476,0.186190476,0.186190476,0.186190476,0.186190476
2009,2,14,2.284899505,0.76,2.752886348,92.93996526,1013.25,0.504888825,0,394848,4.452592593,0,11.57142857,0,1328.72093,0,0,559.8571429,24.07142857,3441.111111,0,5378.148148,7.015714286,0,0,0,0,0,0,6.294285714,1787.142857,0.189642857,0.189642857,0.189642857,0.189642857,0.189642857,0.189642857
2009,2,15,4.026587232,0.67,6.695697071,91.16601961,1013.25,3.356564207,0,406944,4.478888889,0,10.71428571,0,1328.372093,0,0,563.5714286,24.71428571,3446.666667,0,5382.222222,7.017142857,0,0,0,0,0,0,6.332857143,1801.428571,0.193095238,0.193095238,0.193095238,0.193095238,0.193095238,0.193095238
2009,2,16,3.752426614,0.73,7.404918276,85.51829597,1013.25,3.932899539,0,453600,4.505185185,0,9.857142857,0,1328.023256,0,0,567.2857143,25.35714286,3452.222222,0,5386.296296,7.018571429,0,0,0,0,0,0,6.371428571,1815.714286,0.196547619,0.196547619,0.196547619,0.196547619,0.196547619,0.196547619
2009,2,17,2.99287838,0.68,6.563665664,93.29449521,1013.25,1.676409724,0,498528,4.531481481,0,9,0,1327.674419,0,0,571,26,3457.777778,0,5390.37037,7.02,0,0,0,0,0,0,6.41,1830,0.2,0.2,0.2,0.2,0.2,0.2
2009,2,18,2.701053709,0.72,6.346623211,89.65782049,1013.25,1.562730039,0,495936,4.557777778,0,9.071428571,0,1327.325581,0,0,569.9285714,24.85714286,3463.333333,0,5394.444444,7.017857143,0,0,0,0,0,0,6.330714286,1794.285714,0.20202381,0.20202381,0.20202381,0.20202381,0.20202381,0.20202381
2009,2,19,4.615970116,0.69,5.269512689,89.87068293,1013.25,1.849515084,0,467424,4.584074074,0,9.142857143,0,1326.976744,0,0,568.8571429,23.71428571,3468.888889,0,5398.518519,7.015714286,0,0,0,0,0,0,6.251428571,1758.571429,0.204047619,0.204047619,0.204047619,0.204047619,0.204047619,0.204047619
2009,2,20,3.508896665,0.67,2.921415234,93.69904546,1013.25,1.640154611,0,426816,4.61037037,0,9.214285714,0,1326.627907,0,0,567.7857143,22.57142857,3474.444444,0,5402.592593,7.013571429,0,0,0,0,0,0,6.172142857,1722.857143,0.206071429,0.206071429,0.206071429,0.206071429,0.206071429,0.206071429
2009,2,21,3.995217189,0.64,6.365927186,88.89827349,1013.25,3.480976572,0,377568,4.636666667,0,9.285714286,0,1326.27907,0,0,566.7142857,21.42857143,3480,0,5406.666667,7.011428571,0,0,0,0,0,0,6.092857143,1687.142857,0.208095238,0.208095238,0.208095238,0.208095238,0.208095238,0.208095238
2009,2,22,5.515555016,0.53,7.829228765,78.4933785,1013.25,3.487549099,0,366336,4.662962963,0,9.357142857,0,1325.930233,0,0,565.6428571,20.28571429,3485.555556,0,5410.740741,7.009285714,0,0,0,0,0,0,6.013571429,1651.428571,0.210119048,0.210119048,0.210119048,0.210119048,0.210119048,0.210119048
2009,2,23,6.210073224,0.6,7.584107713,87.58783737,1013.25,2.474618527,0,344736,4.689259259,0,9.428571429,0,1325.581395,0,0,564.5714286,19.14285714,3491.111111,0,5414.814815,7.007142857,0,0,0,0,0,0,5.934285714,1615.714286,0.212142857,0.212142857,0.212142857,0.212142857,0.212142857,0.212142857
2009,2,24,2.547454051,0.77,5.735729959,96.8080253,1013.25,2.341796524,0,324000,4.715555556,0,9.5,0,1325.232558,0,0,563.5,18,3496.666667,0,5418.888889,7.005,0,0,0,0,0,0,5.855,1580,0.214166667,0.214166667,0.214166667,0.214166667,0.214166667,0.214166667
2009,2,25,3.497554324,0.82,6.862011923,83.04963598,1013.25,4.086796323,0,312768,4.741851852,0,9.571428571,0,1324.883721,0,0,562.4285714,16.85714286,3502.222222,0,5422.962963,7.002857143,0,0,0,0,0,0,5.775714286,1544.285714,0.216190476,0.216190476,0.216190476,0.216190476,0.216190476,0.216190476
2009,2,26,1.929796473,0.84,6.804134964,87.52639459,1013.25,4.185389152,0,316224,4.768148148,0,9.642857143,0,1324.534884,0,0,561.3571429,15.71428571,3507.777778,0,5427.037037,7.000714286,0,0,0,0,0,0,5.696428571,1508.571429,0.218214286,0.218214286,0.218214286,0.218214286,0.218214286,0.218214286
2009,2,27,2.348113228,0.8,7.41079842,94.40475245,1013.25,3.943772009,0,400032,4.794444444,0,9.714285714,0,1324.186047,0,0,560.2857143,14.57142857,3513.333333,0,5431.111111,6.998571429,0,0,0,0,0,0,5.617142857,1472.857143,0.220238095,0.220238095,0.220238095,0.220238095,0.220238095,0.220238095
2009,2,28,1.335320006,0.85,6.233601809,93.52576908,1013.25,4.008720918,0,450144,4.820740741,0,9.785714286,0,1323.837209,0,0,559.2142857,13.42857143,3518.888889,0,5435.185185,6.996428571,0,0,0,0,0,0,5.537857143,1437.142857,0.222261905,0.222261905,0.222261905,0.222261905,0.222261905,0.222261905
2009,3,1,4.280445341,0.72,5.607078229,89.05483076,1013.25,3.28981511,0,469152,4.847037037,0,9.857142857,0,1323.488372,0,0,558.1428571,12.28571429,3524.444444,0,5439.259259,6.994285714,0,0,0,0,0,0,5.458571429,1401.428571,0.224285714,0.224285714,0.224285714,0.224285714,0.224285714,0.224285714
2009,3,2,3.628309141,0.73,6.121179463,91.13832703,1013.25,4.125046,0,490752,4.873333333,0,9.928571429,0,1323.139535,0,0,557.0714286,11.14285714,3530,0,5443.333333,6.992142857,0,0,0,0,0,0,5.379285714,1365.714286,0.226309524,0.226309524,0.226309524,0.226309524,0.226309524,0.226309524
2009,3,3,2.956969285,0.74,5.132354931,90.40423623,1013.25,5.708000732,0,658368,4.89962963,0,10,0,1322.790698,0,0,556,10,3535.555556,0,5447.407407,6.99,0,0,0,0,0,0,5.3,1330,0.228333333,0.228333333,0.228333333,0.228333333,0.228333333,0.228333333
2009,3,4,7.591838388,0.64,1.554280042,88.78795719,1013.25,1.832398713,0,941760,4.925925926,0,10,0,1322.44186,0,0,552.6428571,10,3541.111111,0,5451.481481,6.995,0,0,0,0,0,0,5.266428571,1326.428571,0.251904762,0.251904762,0.251904762,0.251904762,0.251904762,0.251904762
2009,3,5,7.108606143,0.55,0.951875033,91.12036417,1013.25,1.058035806,0,941760,4.952222222,0,10,0,1322.093023,0,0,549.2857143,10,3546.666667,0,5455.555556,7,0,0,0,0,0,0,5.232857143,1322.857143,0.27547619,0.27547619,0.27547619,0.27547619,0.27547619,0.27547619
2009,3,6,8.48409571,0.57,2.727451777,91.94931654,1013.25,1.933948294,0,872640,4.978518519,0,10,0,1321.744186,0,0,545.9285714,10,3552.222222,0,5459.62963,7.005,0,0,0,0,0,0,5.199285714,1319.285714,0.299047619,0.299047619,0.299047619,0.299047619,0.299047619,0.299047619
2009,3,7,4.028155224,0.76,6.33441188,95.05663176,1013.25,4.926569013,0,1071360,5.004814815,0,10,0,1321.395349,0,0,542.5714286,10,3557.777778,0,5463.703704,7.01,0,0,0,0,0,0,5.165714286,1315.714286,0.322619048,0.322619048,0.322619048,0.322619048,0.322619048,0.322619048
2009,3,8,7.029370864,0.68,4.83958722,75.48463385,1013.25,5.41563956,0,1719360,5.031111111,0,10,0,1321.046512,0,0,539.2142857,10,3563.333333,0,5467.777778,7.015,0,0,0,0,0,0,5.132142857,1312.142857,0.346190476,0.346190476,0.346190476,0.346190476,0.346190476,0.346190476
2009,3,9,5.882624849,0.65,5.472772077,82.61820313,1013.25,4.34771371,0,1823040,5.057407407,0,10,0,1320.697674,0,0,535.8571429,10,3568.888889,0,5471.851852,7.02,0,0,0,0,0,0,5.098571429,1308.571429,0.369761905,0.369761905,0.369761905,0.369761905,0.369761905,0.369761905
2009,3,10,14.04468707,0.69,5.294107421,82.14971112,1013.25,2.187462811,0,1823040,5.083703704,0,10,0,1320.348837,0,0,532.5,10,3574.444444,0,5475.925926,7.025,0,0,0,0,0,0,5.065,1305,0.393333333,0.393333333,0.393333333,0.393333333,0.393333333,0.393333333
2009,3,11,2.841308482,0.83,3.766923423,97.86979039,1013.25,1.675384188,0,1693440,5.11,0,10,0,1320,0,0,529.1428571,10,3580,0,5480,7.03,0,0,0,0,0,0,5.031428571,1301.428571,0.416904762,0.416904762,0.416904762,0.416904762,0.416904762,0.416904762
2009,3,12,9.059890163,0.59,7.992400288,83.10795906,1013.25,3.987807445,0,1779840,5.23744186,0,10,0,1316.744186,0,0,525.7857143,10,3580,0,5481.162791,7.035,0,0,0,0,0,0,4.997857143,1297.857143,0.44047619,0.44047619,0.44047619,0.44047619,0.44047619,0.44047619
2009,3,13,3.767019775,0.73,5.533731932,93.8119395,1013.25,2.472316956,0,1676160,5.364883721,0,10,0,1313.488372,0,0,522.4285714,10,3580,0,5482.325581,7.04,0,0,0,0,0,0,4.964285714,1294.285714,0.464047619,0.464047619,0.464047619,0.464047619,0.464047619,0.464047619
2009,3,14,6.201607104,0.63,8.124735595,77.26701383,1013.25,5.371088574,0,1555200,5.492325581,0,10,0,1310.232558,0,0,519.0714286,10,3580,0,5483.488372,7.045,0,0,0,0,0,0,4.930714286,1290.714286,0.487619048,0.487619048,0.487619048,0.487619048,0.487619048,0.487619048
2009,3,15,11.46132441,0.61,7.754132984,82.92268925,1013.25,3.217954442,0,1408320,5.619767442,0,10,0,1306.976744,0,0,515.7142857,10,3580,0,5484.651163,7.05,0,0,0,0,0,0,4.897142857,1287.142857,0.511190476,0.511190476,0.511190476,0.511190476,0.511190476,0.511190476
2009,3,16,10.46282308,0.83,6.702781307,91.44351992,1013.25,3.431122318,0,1252800,5.747209302,0,10,0,1303.72093,0,0,512.3571429,10,3580,0,5485.813953,7.055,0,0,0,0,0,0,4.863571429,1283.571429,0.534761905,0.534761905,0.534761905,0.534761905,0.534761905,0.534761905
2009,3,17,13.29141935,0.5,8.290848086,81.19380947,1013.25,2.993683547,0,1105920,5.874651163,0,10,0,1300.465116,0,0,509,10,3580,0,5486.976744,7.06,0,0,0,0,0,0,4.83,1280,0.558333333,0.558333333,0.558333333,0.558333333,0.558333333,0.558333333
2009,3,18,12.52292493,0.7,7.013964214,90.49964599,1013.25,1.740810251,0,950400,6.002093023,0,10,0,1297.209302,0,0,510.7142857,10.14285714,3580,0,5488.139535,7.065714286,0,0,0,0,0,0,4.633571429,1268.571429,0.590952381,0.590952381,0.590952381,0.590952381,0.590952381,0.590952381
2009,3,19,15.91527022,0.54,6.911725827,83.78593753,1013.25,2.105336479,0,825120,6.129534884,0,10,0,1293.953488,0,0,512.4285714,10.28571429,3580,0,5489.302326,7.071428571,0,0,0,0,0,0,4.437142857,1257.142857,0.623571429,0.623571429,0.623571429,0.623571429,0.623571429,0.623571429
2009,3,20,11.72512625,0.77,4.708905851,89.83890646,1013.25,1.247590718,0,717984,6.256976744,0,10,0,1290.697674,0,0,514.1428571,10.42857143,3580,0,5490.465116,7.077142857,0,0,0,0,0,0,4.240714286,1245.714286,0.656190476,0.656190476,0.656190476,0.656190476,0.656190476,0.656190476
2009,3,21,14.02491792,0.65,5.970683771,84.14135432,1013.25,1.937753444,0,621216,6.384418605,0,10,0,1287.44186,0,0,515.8571429,10.57142857,3580,0,5491.627907,7.082857143,0,0,0,0,0,0,4.044285714,1234.285714,0.688809524,0.688809524,0.688809524,0.688809524,0.688809524,0.688809524
2009,3,22,13.27728583,0.51,8.132245215,77.47360522,1013.25,4.106710559,0,524448,6.511860465,0,10,0,1284.186047,0,0,517.5714286,10.71428571,3580,0,5492.790698,7.088571429,0,0,0,0,0,0,3.847857143,1222.857143,0.721428571,0.721428571,0.721428571,0.721428571,0.721428571,0.721428571
2009,3,23,11.84712578,0.63,7.585604153,66.86757607,1013.25,5.235286289,0,499392,6.639302326,0,10,0,1280.930233,0,0,519.2857143,10.85714286,3580,0,5493.953488,7.094285714,0,0,0,0,0,0,3.651428571,1211.428571,0.754047619,0.754047619,0.754047619,0.754047619,0.754047619,0.754047619
2009,3,24,10.43621965,0.49,5.51009761,76.71561143,1013.25,3.728499632,0,466560,6.766744186,0,10,0,1277.674419,0,0,521,11,3580,0,5495.116279,7.1,0,0,0,0,0,0,3.455,1200,0.786666667,0.786666667,0.786666667,0.786666667,0.786666667,0.786666667
2009,3,25,12.58761286,0.52,7.925636179,73.11512114,1013.25,4.045054109,0,621216,6.894186047,0,10,0,1274.418605,0,0,522.7142857,11.14285714,3580,0,5496.27907,7.105714286,0,0,0,0,0,0,3.258571429,1188.571429,0.819285714,0.819285714,0.819285714,0.819285714,0.819285714,0.819285714
2009,3,26,13.88241112,0.61,6.611193282,80.1614641,1013.25,4.926826164,0,1097280,7.021627907,0,10,0,1271.162791,0,0,524.4285714,11.28571429,3580,0,5497.44186,7.111428571,0,0,0,0,0,0,3.062142857,1177.142857,0.851904762,0.851904762,0.851904762,0.851904762,0.851904762,0.851904762
2009,3,27,7.575474663,0.7,5.711730314,76.56479074,1013.25,4.837926668,0,1270080,7.149069767,0,10,0,1267.906977,0,0,526.1428571,11.42857143,3580,0,5498.604651,7.117142857,0,0,0,0,0,0,2.865714286,1165.714286,0.88452381,0.88452381,0.88452381,0.88452381,0.88452381,0.88452381
2009,3,28,11.90385184,0.5,5.027195381,67.03108331,1013.25,5.032970088,0,1270080,7.276511628,0,10,0,1264.651163,0,0,527.8571429,11.57142857,3580,0,5499.767442,7.122857143,0,0,0,0,0,0,2.669285714,1154.285714,0.917142857,0.917142857,0.917142857,0.917142857,0.917142857,0.917142857
2009,3,29,19.27602103,0.28,2.881523579,77.84865653,1013.25,2.362612468,0,1123200,7.403953488,0,10,0,1261.395349,0,0,529.5714286,11.71428571,3580,0,5500.930233,7.128571429,0,0,0,0,0,0,2.472857143,1142.857143,0.949761905,0.949761905,0.949761905,0.949761905,0.949761905,0.949761905
2009,3,30,5.645504082,0.62,7.523259345,91.05701834,1013.25,3.761866958,0,1036800,7.531395349,0,10,0,1258.139535,0,0,531.2857143,11.85714286,3580,0,5502.093023,7.134285714,0,0,0,0,0,0,2.276428571,1131.428571,0.982380952,0.982380952,0.982380952,0.982380952,0.982380952,0.982380952
2009,3,31,11.52088247,0.55,7.752380284,93.0680976,1013.25,2.581377842,0,941760,7.658837209,0,10,0,1254.883721,0,0,533,12,3580,0,5503.255814,7.14,0,0,0,0,0,0,2.08,1120,1.015,1.015,1.015,1.015,1.015,1.015
2009,4,1,11.79715348,0.39,8.226913152,84.16424452,1013.25,1.556330364,0,826848,7.78627907,0,10.35714286,0,1251.627907,0,0,531.3571429,11.85714286,3580,0,5504.418605,7.154285714,0,0,0,0,0,0,1.974285714,1091.428571,1.031547619,1.031547619,1.031547619,1.031547619,1.031547619,1.031547619
2009,4,2,20.60702566,0.38,8.809616528,81.15704483,1013.25,2.15554509,0,705024,7.91372093,0,10.71428571,0,1248.372093,0,0,529.7142857,11.71428571,3580,0,5505.581395,7.168571429,0,0,0,0,0,0,1.868571429,1062.857143,1.048095238,1.048095238,1.048095238,1.048095238,1.048095238,1.048095238
2009,4,3,11.9922719,0.5,5.59811198,94.22191712,1013.25,1.01233063,0,598752,8.041162791,0,11.07142857,0,1245.116279,0,0,528.0714286,11.57142857,3580,0,5506.744186,7.182857143,0,0,0,0,0,0,1.762857143,1034.285714,1.064642857,1.064642857,1.064642857,1.064642857,1.064642857,1.064642857
2009,4,4,8.434027778,0.57,6.954368925,86.23327241,1013.25,3.251834944,0,538272,8.168604651,0,11.42857143,0,1241.860465,0,0,526.4285714,11.42857143,3580,0,5507.906977,7.197142857,0,0,0,0,0,0,1.657142857,1005.714286,1.081190476,1.081190476,1.081190476,1.081190476,1.081190476,1.081190476
2009,4,5,17.78257193,0.35,6.203186514,81.63377429,1013.25,2.174040683,0,481248,8.296046512,0,11.78571429,0,1238.604651,0,0,524.7857143,11.28571429,3580,0,5509.069767,7.211428571,0,0,0,0,0,0,1.551428571,977.1428571,1.097738095,1.097738095,1.097738095,1.097738095,1.097738095,1.097738095
2009,4,6,8.62436825,0.6,8.077756733,80.29934575,1013.25,2.921165874,0,411264,8.423488372,0,12.14285714,0,1235.348837,0,0,523.1428571,11.14285714,3580,0,5510.232558,7.225714286,0,0,0,0,0,0,1.445714286,948.5714286,1.114285714,1.114285714,1.114285714,1.114285714,1.114285714,1.114285714
2009,4,7,13.47264089,0.51,8.004008008,80.96146895,1013.25,5.879998036,0,336096,8.550930233,0,12.5,0,1232.093023,0,0,521.5,11,3580,0,5511.395349,7.24,0,0,0,0,0,0,1.34,920,1.130833333,1.130833333,1.130833333,1.130833333,1.130833333,1.130833333
2009,4,8,7.489804573,0.63,7.583383462,83.99721188,1013.25,6.228408806,0,680832,8.678372093,0,12.85714286,0,1228.837209,0,0,519.8571429,10.85714286,3580,0,5512.55814,7.254285714,0,0,0,0,0,0,1.234285714,891.4285714,1.147380952,1.147380952,1.147380952,1.147380952,1.147380952,1.147380952
2009,4,9,6.829768123,0.72,9.688334415,85.65476367,1013.25,4.593205022,0,889920,8.805813953,0,13.21428571,0,1225.581395,0,0,518.2142857,10.71428571,3580,0,5513.72093,7.268571429,0,0,0,0,0,0,1.128571429,862.8571429,1.163928571,1.163928571,1.163928571,1.163928571,1.163928571,1.163928571
2009,4,10,4.564535705,0.77,8.659956769,86.91754435,1013.25,2.832036593,0,924480,8.933255814,0,13.57142857,0,1222.325581,0,0,516.5714286,10.57142857,3580,0,5514.883721,7.282857143,0,0,0,0,0,0,1.022857143,834.2857143,1.18047619,1.18047619,1.18047619,1.18047619,1.18047619,1.18047619
2009,4,11,20.85657227,0.39,7.154029594,79.62660618,1013.25,1.659643561,0,843264,9.060697674,0,13.92857143,0,1219.069767,0,0,514.9285714,10.42857143,3580,0,5516.046512,7.297142857,0,0,0,0,0,0,0.917142857,805.7142857,1.19702381,1.19702381,1.19702381,1.19702381,1.19702381,1.19702381
2009,4,12,23.97878191,0.4,7.05222897,72.64649372,1013.25,1.63333252,0,736128,9.188139535,0,14.28571429,0,1215.813953,0,0,513.2857143,10.28571429,3580,0,5517.209302,7.311428571,0,0,0,0,0,0,0.811428571,777.1428571,1.213571429,1.213571429,1.213571429,1.213571429,1.213571429,1.213571429
2009,4,13,18.66216466,0.26,9.509092526,71.59957005,1013.25,2.949248594,0,629856,9.315581395,0,14.64285714,0,1212.55814,0,0,511.6428571,10.14285714,3580,0,5518.372093,7.325714286,0,0,0,0,0,0,0.705714286,748.5714286,1.230119048,1.230119048,1.230119048,1.230119048,1.230119048,1.230119048
2009,4,14,5.058745518,0.73,10.06739925,78.8667297,1013.25,2.372914424,0,533088,9.443023256,0,15,0,1209.302326,0,0,510,10,3580,0,5519.534884,7.34,0,0,0,0,0,0,0.6,720,1.246666667,1.246666667,1.246666667,1.246666667,1.246666667,1.246666667
2009,4,15,13.13447387,0.48,10.68601921,75.04852482,1013.25,4.579076868,0,471744,9.570465116,0,14.91714286,0,1206.046512,0,0,505.7142857,11.42857143,3580,0,5520.697674,7.355,0,0,0,0,0,0,0.6,705.7142857,1.349761905,1.349761905,1.349761905,1.349761905,1.349761905,1.349761905
2009,4,16,17.64683126,0.28,10.65052868,74.3767453,1013.25,4.294662132,0,388800,9.697906977,0,14.83428571,0,1202.790698,0,0,501.4285714,12.85714286,3580,0,5521.860465,7.37,0,0,0,0,0,0,0.6,691.4285714,1.452857143,1.452857143,1.452857143,1.452857143,1.452857143,1.452857143
2009,4,17,19.32418675,0.41,9.588554007,74.00403906,1013.25,5.784097131,0,297216,9.825348837,0,14.75142857,0,1199.534884,0,0,497.1428571,14.28571429,3580,0,5523.023256,7.385,0,0,0,0,0,0,0.6,677.1428571,1.555952381,1.555952381,1.555952381,1.555952381,1.555952381,1.555952381
2009,4,18,24.39226175,0.15,8.681478631,69.51706004,1013.25,2.25668186,0,220320,9.952790698,0,14.66857143,0,1196.27907,0,0,492.8571429,15.71428571,3580,0,5524.186047,7.4,0,0,0,0,0,0,0.6,662.8571429,1.659047619,1.659047619,1.659047619,1.659047619,1.659047619,1.659047619
2009,4,19,23.66381707,0.18,8.444490436,76.21856178,1013.25,1.314033432,0,203904,10.08023256,0,14.58571429,0,1193.023256,0,0,488.5714286,17.14285714,3580,0,5525.348837,7.415,0,0,0,0,0,0,0.6,648.5714286,1.762142857,1.762142857,1.762142857,1.762142857,1.762142857,1.762142857
2009,4,20,23.93454996,0.22,9.352979325,72.52802331,1013.25,1.861388936,0,185760,10.20767442,0,14.50285714,0,1189.767442,0,0,484.2857143,18.57142857,3580,0,5526.511628,7.43,0,0,0,0,0,0,0.6,634.2857143,1.865238095,1.865238095,1.865238095,1.865238095,1.865238095,1.865238095
2009,4,21,5.54839133,0.72,7.657124175,87.93621349,1013.25,1.896688326,0,171072,10.33511628,0,14.42,0,1186.511628,0,0,480,20,3580,0,5527.674419,7.445,0,0,0,0,0,0,0.6,620,1.968333333,1.968333333,1.968333333,1.968333333,1.968333333,1.968333333
2009,4,22,17.65241058,0.38,8.285052868,82.06719844,1013.25,2.206122771,0,146016,10.46255814,0,14.33714286,0,1183.255814,0,0,475.7142857,21.42857143,3580,0,5528.837209,7.46,0,0,0,0,0,0,0.6,605.7142857,2.071428571,2.071428571,2.071428571,2.071428571,2.071428571,2.071428571
2009,4,23,2.455052002,0.88,9.678520422,92.17318379,1013.25,1.61518183,0,157248,10.59,0,14.25428571,0,1180,0,0,471.4285714,22.85714286,3580,0,5530,7.475,0,0,0,0,0,0,0.6,591.4285714,2.17452381,2.17452381,2.17452381,2.17452381,2.17452381,2.17452381
2009,4,24,9.723692652,0.65,12.25286555,68.04020442,1013.25,3.315925517,0,155520,10.66914286,0,14.17142857,0,1180.857143,0,0,467.1428571,24.28571429,3578.285714,0,5529.428571,7.49,0,0,0,0,0,0,0.6,577.1428571,2.277619048,2.277619048,2.277619048,2.277619048,2.277619048,2.277619048
2009,4,25,16.50068975,0.36,11.1475523,66.17652731,1013.25,2.640045801,0,153792,10.74828571,0,14.08857143,0,1181.714286,0,0,462.8571429,25.71428571,3576.571429,0,5528.857143,7.505,0,0,0,0,0,0,0.6,562.8571429,2.380714286,2.380714286,2.380714286,2.380714286,2.380714286,2.380714286
2009,4,26,21.22004205,0.3,8.579655483,78.54733585,1013.25,2.609089442,0,135648,10.82742857,0,14.00571429,0,1182.571429,0,0,458.5714286,27.14285714,3574.857143,0,5528.285714,7.52,0,0,0,0,0,0,0.6,548.5714286,2.483809524,2.483809524,2.483809524,2.483809524,2.483809524,2.483809524
2009,4,27,13.02005519,0.64,7.658298183,80.45192843,1013.25,2.575208298,0,195264,10.90657143,0,13.92285714,0,1183.428571,0,0,454.2857143,28.57142857,3573.142857,0,5527.714286,7.535,0,0,0,0,0,0,0.6,534.2857143,2.586904762,2.586904762,2.586904762,2.586904762,2.586904762,2.586904762
2009,4,28,6.527661407,0.72,7.161745661,89.87033929,1013.25,1.76396871,0,232416,10.98571429,0,13.84,0,1184.285714,0,0,450,30,3571.428571,0,5527.142857,7.55,0,0,0,0,0,0,0.6,520,2.69,2.69,2.69,2.69,2.69,2.69
2009,4,29,13.10004428,0.51,9.433039648,77.89316647,1013.25,2.601025481,0,247104,11.06485714,0,13.75714286,0,1185.142857,0,0,445,29.28571429,3569.714286,0,5526.571429,7.532142857,0,0,0,0,0,0,0.6,502.1428571,2.624880952,2.624880952,2.624880952,2.624880952,2.624880952,2.624880952
2009,4,30,9.782513986,0.68,10.20931243,89.78880382,1013.25,2.404446922,0,332640,11.144,0,13.67428571,0,1186,0,0,440,28.57142857,3568,0,5526,7.514285714,0,0,0,0,0,0,0.6,484.2857143,2.559761905,2.559761905,2.559761905,2.559761905,2.559761905,2.559761905
2009,5,1,9.480087481,0.61,9.553715403,91.42420702,1013.25,2.896637575,0,520992,11.22314286,0,13.59142857,0,1186.857143,0,0,435,27.85714286,3566.285714,0,5525.428571,7.496428571,0,0,0,0,0,0,0.6,466.4285714,2.494642857,2.494642857,2.494642857,2.494642857,2.494642857,2.494642857
2009,5,2,23.52836935,0.29,8.831336448,75.02728361,1013.25,2.420300926,0,627264,11.30228571,0,13.50857143,0,1187.714286,0,0,430,27.14285714,3564.571429,0,5524.857143,7.478571429,0,0,0,0,0,0,0.6,448.5714286,2.42952381,2.42952381,2.42952381,2.42952381,2.42952381,2.42952381
2009,5,3,19.57074866,0.43,8.425695417,70.99228794,1013.25,2.783868029,0,612576,11.38142857,0,13.42571429,0,1188.571429,0,0,425,26.42857143,3562.857143,0,5524.285714,7.460714286,0,0,0,0,0,0,0.6,430.7142857,2.364404762,2.364404762,2.364404762,2.364404762,2.364404762,2.364404762
2009,5,4,3.81357803,0.84,8.738625411,92.53634358,1013.25,4.071707108,0,784512,11.46057143,0,13.34285714,0,1189.428571,0,0,420,25.71428571,3561.142857,0,5523.714286,7.442857143,0,0,0,0,0,0,0.6,412.8571429,2.299285714,2.299285714,2.299285714,2.299285714,2.299285714,2.299285714
2009,5,5,4.232311647,0.85,10.23607874,90.61398895,1013.25,4.767429005,0,1399680,11.53971429,0,13.26,0,1190.285714,0,0,415,25,3559.428571,0,5523.142857,7.425,0,0,0,0,0,0,0.6,395,2.234166667,2.234166667,2.234166667,2.234166667,2.234166667,2.234166667
2009,5,6,5.420585688,0.76,10.36186696,92.15696925,1013.25,4.952154147,0,2211840,11.61885714,0,13.17714286,0,1191.142857,0,0,410,24.28571429,3557.714286,0,5522.571429,7.407142857,0,0,0,0,0,0,0.6,377.1428571,2.169047619,2.169047619,2.169047619,2.169047619,2.169047619,2.169047619
2009,5,7,19.84528955,0.36,9.182325856,72.45534118,1013.25,7.366010567,0,2401920,11.698,0,13.09428571,0,1192,0,0,405,23.57142857,3556,0,5522,7.389285714,0,0,0,0,0,0,0.6,359.2857143,2.103928571,2.103928571,2.103928571,2.103928571,2.103928571,2.103928571
2009,5,8,12.36035592,0.59,8.615856128,79.11475364,1013.25,6.54655195,0,2298240,11.77714286,0,13.01142857,0,1192.857143,0,0,400,22.85714286,3554.285714,0,5521.428571,7.371428571,0,0,0,0,0,0,0.6,341.4285714,2.038809524,2.038809524,2.038809524,2.038809524,2.038809524,2.038809524
2009,5,9,14.25925296,0.58,8.788560473,80.73063936,1013.25,5.128716865,0,2125440,11.85628571,0,12.92857143,0,1193.714286,0,0,395,22.14285714,3552.571429,0,5520.857143,7.353571429,0,0,0,0,0,0,0.6,323.5714286,1.973690476,1.973690476,1.973690476,1.973690476,1.973690476,1.973690476
2009,5,10,13.33264807,0.63,8.403997279,87.88884076,1013.25,1.461268132,0,1952640,11.93542857,0,12.84571429,0,1194.571429,0,0,390,21.42857143,3550.857143,0,5520.285714,7.335714286,0,0,0,0,0,0,0.6,305.7142857,1.908571429,1.908571429,1.908571429,1.908571429,1.908571429,1.908571429
2009,5,11,28.69642788,0.18,8.755059722,62.1395141,1013.25,4.3185127,0,1728000,12.01457143,0,12.76285714,0,1195.428571,0,0,385,20.71428571,3549.142857,0,5519.714286,7.317857143,0,0,0,0,0,0,0.6,287.8571429,1.843452381,1.843452381,1.843452381,1.843452381,1.843452381,1.843452381
2009,5,12,26.13049076,0.19,9.384449687,65.83859786,1013.25,4.652058499,0,1477440,12.09371429,0,12.68,0,1196.285714,0,0,380,20,3547.428571,0,5519.142857,7.3,0,0,0,0,0,0,0.6,270,1.778333333,1.778333333,1.778333333,1.778333333,1.778333333,1.778333333
2009,5,13,14.24538178,0.54,10.91119892,54.89054257,1013.25,3.895904966,0,1261440,12.17285714,0,12.59714286,0,1197.142857,0,0,378.6428571,21.42857143,3545.714286,0,5518.571429,7.305714286,0,0,0,0,0,0,0.6,254.2857143,1.754880952,1.754880952,1.754880952,1.754880952,1.754880952,1.754880952
2009,5,14,10.38234826,0.67,10.89062582,76.66213679,1013.25,3.783309824,0,1105920,12.252,0,12.51428571,0,1198,0,0,377.2857143,22.85714286,3544,0,5518,7.311428571,0,0,0,0,0,0,0.6,238.5714286,1.731428571,1.731428571,1.731428571,1.731428571,1.731428571,1.731428571
2009,5,15,3.898341217,0.87,9.746686327,91.08934729,1013.25,2.626506201,0,1002240,12.33114286,0,12.43142857,0,1198.857143,0,0,375.9285714,24.28571429,3542.285714,0,5517.428571,7.317142857,0,0,0,0,0,0,0.6,222.8571429,1.70797619,1.70797619,1.70797619,1.70797619,1.70797619,1.70797619
2009,5,16,17.39171365,0.45,9.531425071,84.45521002,1013.25,3.893631726,0,967680,12.41028571,0,12.34857143,0,1199.714286,0,0,374.5714286,25.71428571,3540.571429,0,5516.857143,7.322857143,0,0,0,0,0,0,0.6,207.1428571,1.68452381,1.68452381,1.68452381,1.68452381,1.68452381,1.68452381
2009,5,17,13.3576809,0.54,9.217119325,84.00103997,1013.25,2.556980491,0,1002240,12.48942857,0,12.26571429,0,1200.571429,0,0,373.2142857,27.14285714,3538.857143,0,5516.285714,7.328571429,0,0,0,0,0,0,0.6,191.4285714,1.661071429,1.661071429,1.661071429,1.661071429,1.661071429,1.661071429
2009,5,18,12.1287682,0.65,10.30710834,87.0882672,1013.25,6.934906971,0,1339200,12.56857143,0,12.18285714,0,1201.428571,0,0,371.8571429,28.57142857,3537.142857,0,5515.714286,7.334285714,0,0,0,0,0,0,0.6,175.7142857,1.637619048,1.637619048,1.637619048,1.637619048,1.637619048,1.637619048
2009,5,19,17.31720672,0.48,10.56677857,83.14449408,1013.25,5.1996438,0,1494720,12.64771429,0,12.1,0,1202.285714,0,0,370.5,30,3535.428571,0,5515.142857,7.34,0,0,0,0,0,0,0.6,160,1.614166667,1.614166667,1.614166667,1.614166667,1.614166667,1.614166667
2009,5,20,9.70721855,0.69,10.28769824,90.47580876,1013.25,4.426621754,0,1563840,12.72685714,0,12.01714286,0,1203.142857,0,0,369.1428571,31.42857143,3533.714286,0,5514.571429,7.345714286,0,0,0,0,0,0,0.6,144.2857143,1.590714286,1.590714286,1.590714286,1.590714286,1.590714286,1.590714286
2009,5,21,22.66417455,0.39,10.59226608,84.20569248,1013.25,2.976151223,0,1555200,12.806,0,11.93428571,0,1204,0,0,367.7857143,32.85714286,3532,0,5514,7.351428571,0,0,0,0,0,0,0.6,128.5714286,1.567261905,1.567261905,1.567261905,1.567261905,1.567261905,1.567261905
2009,5,22,15.77613509,0.53,10.4715565,91.22176075,1013.25,2.657907545,0,1434240,12.88514286,0,11.85142857,0,1204.857143,0,0,366.4285714,34.28571429,3530.285714,0,5513.428571,7.357142857,0,0,0,0,0,0,0.6,112.8571429,1.543809524,1.543809524,1.543809524,1.543809524,1.543809524,1.543809524
2009,5,23,11.45943062,0.65,11.15620055,89.48646205,1013.25,2.619871164,0,1287360,12.96428571,0,11.76857143,0,1205.714286,0,0,365.0714286,35.71428571,3528.571429,0,5512.857143,7.362857143,0,0,0,0,0,0,0.6,97.14285714,1.520357143,1.520357143,1.520357143,1.520357143,1.520357143,1.520357143
2009,5,24,28.00830471,0.24,10.52278766,74.49567131,1013.25,2.266391327,0,1131840,13.04342857,0,11.68571429,0,1206.571429,0,0,363.7142857,37.14285714,3526.857143,0,5512.285714,7.368571429,0,0,0,0,0,0,0.6,81.42857143,1.496904762,1.496904762,1.496904762,1.496904762,1.496904762,1.496904762
2009,5,25,27.76760033,0.21,12.1937882,73.41912014,1013.25,2.73975172,0,950400,13.12257143,0,11.60285714,0,1207.428571,0,0,362.3571429,38.57142857,3525.142857,0,5511.714286,7.374285714,0,0,0,0,0,0,0.6,65.71428571,1.473452381,1.473452381,1.473452381,1.473452381,1.473452381,1.473452381
2009,5,26,22.55078139,0.36,10.47344806,73.24737587,1013.25,3.001790731,0,795744,13.20171429,0,11.52,0,1208.285714,0,0,361,40,3523.428571,0,5511.142857,7.38,0,0,0,0,0,0,0.6,50,1.45,1.45,1.45,1.45,1.45,1.45
2009,5,27,6.19619668,0.73,11.51753039,87.90298048,1013.25,4.23959619,0,881280,13.28085714,0,11.43714286,0,1209.142857,0,0,355.9285714,38.57142857,3521.714286,0,5510.571429,7.377142857,0,0,0,0,0,0,0.6,48.57142857,1.398333333,1.398333333,1.398333333,1.398333333,1.398333333,1.398333333
2009,5,28,11.48386092,0.66,13.01106255,91.57484469,1013.25,2.830775761,0,941760,13.36,0,11.35428571,0,1210,0,0,350.8571429,37.14285714,3520,0,5510,7.374285714,0,0,0,0,0,0,0.6,47.14285714,1.346666667,1.346666667,1.346666667,1.346666667,1.346666667,1.346666667
2009,5,29,21.91423098,0.39,16.09632779,79.39787768,1013.25,2.688568164,0,872640,13.61545455,0,11.27142857,0,1215.454545,0,0,345.7857143,35.71428571,3522.121212,0,5520,7.371428571,0,0,0,0,0,0,0.6,45.71428571,1.295,1.295,1.295,1.295,1.295,1.295
2009,5,30,30.53369212,0.14,15.59849801,55.15386403,1013.25,2.567587172,0,749952,13.87090909,0,11.18857143,0,1220.909091,0,0,340.7142857,34.28571429,3524.242424,0,5530,7.368571429,0,0,0,0,0,0,0.6,44.28571429,1.243333333,1.243333333,1.243333333,1.243333333,1.243333333,1.243333333
2009,5,31,27.88198761,0.17,15.88511269,64.48455602,1013.25,2.377306987,0,639360,14.12636364,0,11.10571429,0,1226.363636,0,0,335.6428571,32.85714286,3526.363636,0,5540,7.365714286,0,0,0,0,0,0,0.6,42.85714286,1.191666667,1.191666667,1.191666667,1.191666667,1.191666667,1.191666667
2009,6,1,28.61375308,0.15,17.57093375,64.72581333,1013.25,1.629177822,0,527040,14.38181818,0,11.02285714,0,1231.818182,0,0,330.5714286,31.42857143,3528.484848,0,5550,7.362857143,0,0,0,0,0,0,0.6,41.42857143,1.14,1.14,1.14,1.14,1.14,1.14
2009,6,2,26.62903134,0.2,17.98044356,69.82848782,1013.25,1.976043254,0,443232,14.63727273,0,10.94,0,1237.272727,0,0,325.5,30,3530.606061,0,5560,7.36,0,0,0,0,0,0,0.6,40,1.088333333,1.088333333,1.088333333,1.088333333,1.088333333,1.088333333
2009,6,3,23.83094177,0.36,13.3287937,63.39297768,1013.25,2.577045234,0,377568,14.89272727,0,10.85714286,0,1242.727273,0,0,320.4285714,28.57142857,3532.727273,0,5570,7.357142857,0,0,0,0,0,0,0.6,38.57142857,1.036666667,1.036666667,1.036666667,1.036666667,1.036666667,1.036666667
2009,6,4,17.5292124,0.5,10.66582849,69.70017184,1013.25,1.960888414,0,313632,15.14818182,0,10.77428571,0,1248.181818,0,0,315.3571429,27.14285714,3534.848485,0,5580,7.354285714,0,0,0,0,0,0,0.6,37.14285714,0.985,0.985,0.985,0.985,0.985,0.985
2009,6,5,11.93120599,0.65,8.079167023,79.11198629,1013.25,2.639681701,0,330912,15.40363636,0,10.69142857,0,1253.636364,0,0,310.2857143,25.71428571,3536.969697,0,5590,7.351428571,0,0,0,0,0,0,0.6,35.71428571,0.933333333,0.933333333,0.933333333,0.933333333,0.933333333,0.933333333
2009,6,6,12.96503958,0.68,8.971064603,77.97385546,1013.25,4.322818006,0,349056,15.65909091,0,10.60857143,0,1259.090909,0,0,305.2142857,24.28571429,3539.090909,0,5600,7.348571429,0,0,0,0,0,0,0.6,34.28571429,0.881666667,0.881666667,0.881666667,0.881666667,0.881666667,0.881666667
2009,6,7,25.81542196,0.39,11.01218791,68.14352076,1013.25,4.853026145,0,318816,15.91454545,0,10.52571429,0,1264.545455,0,0,300.1428571,22.85714286,3541.212121,0,5610,7.345714286,0,0,0,0,0,0,0.6,32.85714286,0.83,0.83,0.83,0.83,0.83,0.83
2009,6,8,20.08412407,0.37,11.06216334,65.80162708,1013.25,2.903747204,0,272160,16.17,0,10.44285714,0,1270,0,0,295.0714286,21.42857143,3543.333333,0,5620,7.342857143,0,0,0,0,0,0,0.6,31.42857143,0.778333333,0.778333333,0.778333333,0.778333333,0.778333333,0.778333333
2009,6,9,19.27187311,0.4,11.33832469,66.04629485,1013.25,2.66520633,0,232416,16.42545455,0,10.36,0,1275.454545,0,0,290,20,3545.454545,0,5630,7.34,0,0,0,0,0,0,0.6,30,0.726666667,0.726666667,0.726666667,0.726666667,0.726666667,0.726666667
2009,6,10,14.84583107,0.59,10.98255443,80.19813789,1013.25,1.189127841,0,202176,16.68090909,0,10.27714286,0,1280.909091,0,0,288.6428571,20,3547.575758,0,5640,7.342142857,0,0,0,0,0,0,0.6,37.14285714,0.728809524,0.728809524,0.728809524,0.728809524,0.728809524,0.728809524
2009,6,11,21.53564073,0.45,10.9838205,73.98211942,1013.25,2.302328825,0,179712,16.93636364,0,10.19428571,0,1286.363636,0,0,287.2857143,20,3549.69697,0,5650,7.344285714,0,0,0,0,0,0,0.6,44.28571429,0.730952381,0.730952381,0.730952381,0.730952381,0.730952381,0.730952381
2009,6,12,26.82166137,0.24,11.95231579,71.47130506,1013.25,1.576815143,0,171072,17.19181818,0,10.11142857,0,1291.818182,0,0,285.9285714,20,3551.818182,0,5660,7.346428571,0,0,0,0,0,0,0.6,51.42857143,0.733095238,0.733095238,0.733095238,0.733095238,0.733095238,0.733095238
2009,6,13,22.17517928,0.54,13.63968052,82.59516057,1013.25,2.793635098,0,156384,17.44727273,0,10.02857143,0,1297.272727,0,0,284.5714286,20,3553.939394,0,5670,7.348571429,0,0,0,0,0,0,0.6,58.57142857,0.735238095,0.735238095,0.735238095,0.735238095,0.735238095,0.735238095
2009,6,14,26.14726839,0.42,13.6635231,79.67330953,1013.25,2.151663188,0,148608,17.70272727,0,9.945714286,0,1302.727273,0,0,283.2142857,20,3556.060606,0,5680,7.350714286,0,0,0,0,0,0,0.6,65.71428571,0.737380952,0.737380952,0.737380952,0.737380952,0.737380952,0.737380952
2009,6,15,21.69877338,0.35,13.01857338,81.94424451,1013.25,1.476930439,0,171936,17.95818182,0,9.862857143,0,1308.181818,0,0,281.8571429,20,3558.181818,0,5690,7.352857143,0,0,0,0,0,0,0.6,72.85714286,0.73952381,0.73952381,0.73952381,0.73952381,0.73952381,0.73952381
2009,6,16,27.72956951,0.31,14.04491319,75.74341118,1013.25,1.748330713,0,152064,18.21363636,0,9.78,0,1313.636364,0,0,280.5,20,3560.30303,0,5700,7.355,0,0,0,0,0,0,0.6,80,0.741666667,0.741666667,0.741666667,0.741666667,0.741666667,0.741666667
2009,6,17,6.516822906,0.74,13.08943112,89.56200594,1013.25,3.881273442,0,332640,18.46909091,0,9.697142857,0,1319.090909,0,0,279.1428571,20,3562.424242,0,5710,7.357142857,0,0,0,0,0,0,0.6,87.14285714,0.743809524,0.743809524,0.743809524,0.743809524,0.743809524,0.743809524
2009,6,18,16.01154743,0.49,12.25040261,79.1925139,1013.25,5.025275846,0,490752,18.72454545,0,9.614285714,0,1324.545455,0,0,277.7857143,20,3564.545455,0,5720,7.359285714,0,0,0,0,0,0,0.6,94.28571429,0.745952381,0.745952381,0.745952381,0.745952381,0.745952381,0.745952381
2009,6,19,19.1934962,0.53,12.43086273,72.59633592,1013.25,3.432976173,0,550368,18.98,0,9.531428571,0,1330,0,0,276.4285714,20,3566.666667,0,5730,7.361428571,0,0,0,0,0,0,0.6,101.4285714,0.748095238,0.748095238,0.748095238,0.748095238,0.748095238,0.748095238
2009,6,20,13.32501809,0.65,12.57938319,84.44638959,1013.25,2.217087017,0,566784,19.23545455,0,9.448571429,0,1335.454545,0,0,275.0714286,20,3568.787879,0,5740,7.363571429,0,0,0,0,0,0,0.6,108.5714286,0.750238095,0.750238095,0.750238095,0.750238095,0.750238095,0.750238095
2009,6,21,16.78477784,0.43,13.41070287,79.87060874,1013.25,1.680498831,0,545184,19.49090909,0,9.365714286,0,1340.909091,0,0,273.7142857,20,3570.909091,0,5750,7.365714286,0,0,0,0,0,0,0.6,115.7142857,0.752380952,0.752380952,0.752380952,0.752380952,0.752380952,0.752380952
2009,6,22,22.38601618,0.43,16.56032417,84.19677655,1013.25,1.602846771,0,501120,19.74636364,0,9.282857143,0,1346.363636,0,0,272.3571429,20,3573.030303,0,5760,7.367857143,0,0,0,0,0,0,0.6,122.8571429,0.75452381,0.75452381,0.75452381,0.75452381,0.75452381,0.75452381
2009,6,23,25.8494331,0.36,18.40520774,74.83910994,1013.25,1.206671487,0,448416,20.00181818,0,9.2,0,1351.818182,0,0,271,20,3575.151515,0,5770,7.37,0,0,0,0,0,0,0.6,130,0.756666667,0.756666667,0.756666667,0.756666667,0.756666667,0.756666667
2009,6,24,28.9679198,0.16,17.65685111,66.65501459,1013.25,1.721666955,0,389664,20.25727273,0,9.228571429,0,1357.272727,0,0,264.5714286,20.71428571,3577.272727,0,5780,7.392142857,0,0,0,0,0,0,0.6,131.4285714,0.783333333,0.783333333,0.783333333,0.783333333,0.783333333,0.783333333
2009,6,25,24.52256523,0.25,16.65986191,66.39817544,1013.25,2.866155257,0,344736,20.51272727,0,9.257142857,0,1362.727273,0,0,258.1428571,21.42857143,3579.393939,0,5790,7.414285714,0,0,0,0,0,0,0.6,132.8571429,0.81,0.81,0.81,0.81,0.81,0.81
2009,6,26,20.04762517,0.44,17.20130664,79.1845911,1013.25,3.092426365,0,293760,20.76818182,0,9.285714286,0,1368.181818,0,0,251.7142857,22.14285714,3581.515152,0,5800,7.436428571,0,0,0,0,0,0,0.6,134.2857143,0.836666667,0.836666667,0.836666667,0.836666667,0.836666667,0.836666667
2009,6,27,16.58984615,0.57,18.1338634,82.42608656,1013.25,1.764640195,0,240192,21.02363636,0,9.314285714,0,1373.636364,0,0,245.2857143,22.85714286,3583.636364,0,5810,7.458571429,0,0,0,0,0,0,0.6,135.7142857,0.863333333,0.863333333,0.863333333,0.863333333,0.863333333,0.863333333
2009,6,28,18.8920491,0.42,17.98682926,84.21330409,1013.25,1.634997226,0,232416,21.27909091,0,9.342857143,0,1379.090909,0,0,238.8571429,23.57142857,3585.757576,0,5820,7.480714286,0,0,0,0,0,0,0.6,137.1428571,0.89,0.89,0.89,0.89,0.89,0.89
2009,6,29,23.46237089,0.39,20.08184419,76.19946801,1013.25,1.970471664,0,240192,21.53454545,0,9.371428571,0,1384.545455,0,0,232.4285714,24.28571429,3587.878788,0,5830,7.502857143,0,0,0,0,0,0,0.6,138.5714286,0.916666667,0.916666667,0.916666667,0.916666667,0.916666667,0.916666667
2009,6,30,13.07505681,0.51,19.85190547,83.41701625,1013.25,1.245758977,0,231552,21.79,0,9.4,0,1390,0,0,226,25,3590,0,5840,7.525,0,0,0,0,0,0,0.6,140,0.943333333,0.943333333,0.943333333,0.943333333,0.943333333,0.943333333
2009,7,1,23.61037735,0.36,21.23819114,83.69168825,1013.25,1.784659387,0,226368,21.6375,0,9.428571429,0,1395.714286,0,0,219.5714286,25.71428571,3593.928571,0,5824.642857,7.547142857,0,0,0,0,0,0,0.6,141.4285714,0.97,0.97,0.97,0.97,0.97,0.97
2009,7,2,26.27420085,0.32,22.10349476,66.02535541,1013.25,2.483367016,0,214272,21.485,0,9.457142857,0,1401.428571,0,0,213.1428571,26.42857143,3597.857143,0,5809.285714,7.569285714,0,0,0,0,0,0,0.6,142.8571429,0.996666667,0.996666667,0.996666667,0.996666667,0.996666667,0.996666667
2009,7,3,9.861570924,0.64,17.80332782,85.22400821,1013.25,2.069684986,0,228960,21.3325,0,9.485714286,0,1407.142857,0,0,206.7142857,27.14285714,3601.785714,0,5793.928571,7.591428571,0,0,0,0,0,0,0.6,144.2857143,1.023333333,1.023333333,1.023333333,1.023333333,1.023333333,1.023333333
2009,7,4,17.24677051,0.47,16.50244479,89.13111759,1013.25,2.07558391,0,240192,21.18,0,9.514285714,0,1412.857143,0,0,200.2857143,27.85714286,3605.714286,0,5778.571429,7.613571429,0,0,0,0,0,0,0.6,145.7142857,1.05,1.05,1.05,1.05,1.05,1.05
2009,7,5,24.91731078,0.51,16.40713814,81.66186251,1013.25,2.118478569,0,254880,21.0275,0,9.542857143,0,1418.571429,0,0,193.8571429,28.57142857,3609.642857,0,5763.214286,7.635714286,0,0,0,0,0,0,0.6,147.1428571,1.076666667,1.076666667,1.076666667,1.076666667,1.076666667,1.076666667
2009,7,6,24.29003466,0.5,15.44787048,80.62183134,1013.25,2.636312486,0,307584,20.875,0,9.571428571,0,1424.285714,0,0,187.4285714,29.28571429,3613.571429,0,5747.857143,7.657857143,0,0,0,0,0,0,0.6,148.5714286,1.103333333,1.103333333,1.103333333,1.103333333,1.103333333,1.103333333
2009,7,7,16.33142571,0.53,15.53753834,85.33736934,1013.25,1.85323559,0,367200,20.7225,0,9.6,0,1430,0,0,181,30,3617.5,0,5732.5,7.68,0,0,0,0,0,0,0.6,150,1.13,1.13,1.13,1.13,1.13,1.13
2009,7,8,17.33970996,0.45,14.80330502,70.96061198,1013.25,2.26059328,0,335232,20.57,0,9.628571429,0,1435.714286,0,0,181.5714286,29.28571429,3621.428571,0,5717.142857,7.662142857,0,0,0,0,0,0,0.6,147.1428571,1.141190476,1.141190476,1.141190476,1.141190476,1.141190476,1.141190476
2009,7,9,20.06437975,0.47,14.32424823,74.24004988,1013.25,2.014533026,0,306720,20.4175,0,9.657142857,0,1441.428571,0,0,182.1428571,28.57142857,3625.357143,0,5701.785714,7.644285714,0,0,0,0,0,0,0.6,144.2857143,1.152380952,1.152380952,1.152380952,1.152380952,1.152380952,1.152380952
2009,7,10,21.9367845,0.49,13.02171853,81.8488096,1013.25,2.318082927,0,263520,20.265,0,9.685714286,0,1447.142857,0,0,182.7142857,27.85714286,3629.285714,0,5686.428571,7.626428571,0,0,0,0,0,0,0.6,141.4285714,1.163571429,1.163571429,1.163571429,1.163571429,1.163571429,1.163571429
2009,7,11,21.75216811,0.34,15.06508449,84.14192182,1013.25,2.182305278,0,281664,20.1125,0,9.714285714,0,1452.857143,0,0,183.2857143,27.14285714,3633.214286,0,5671.071429,7.608571429,0,0,0,0,0,0,0.6,138.5714286,1.174761905,1.174761905,1.174761905,1.174761905,1.174761905,1.174761905
2009,7,12,15.74446907,0.53,15.14473744,87.56545596,1013.25,4.730342467,0,560736,19.96,0,9.742857143,0,1458.571429,0,0,183.8571429,26.42857143,3637.142857,0,5655.714286,7.590714286,0,0,0,0,0,0,0.6,135.7142857,1.185952381,1.185952381,1.185952381,1.185952381,1.185952381,1.185952381
2009,7,13,16.79865885,0.52,15.02374018,88.00943513,1013.25,2.898562651,0,698976,19.8075,0,9.771428571,0,1464.285714,0,0,184.4285714,25.71428571,3641.071429,0,5640.357143,7.572857143,0,0,0,0,0,0,0.6,132.8571429,1.197142857,1.197142857,1.197142857,1.197142857,1.197142857,1.197142857
2009,7,14,19.28658685,0.45,14.92951417,86.15574049,1013.25,2.816400218,0,834624,19.655,0,9.8,0,1470,0,0,185,25,3645,0,5625,7.555,0,0,0,0,0,0,0.6,130,1.208333333,1.208333333,1.208333333,1.208333333,1.208333333,1.208333333
2009,7,15,20.93272691,0.49,15.22448857,88.82085983,1013.25,2.380178091,0,840672,19.5025,0,9.828571429,0,1475.714286,0,0,185.5714286,24.28571429,3648.928571,0,5609.642857,7.537142857,0,0,0,0,0,0,0.6,127.1428571,1.21952381,1.21952381,1.21952381,1.21952381,1.21952381,1.21952381
2009,7,16,15.39122656,0.51,15.53525318,85.91718701,1013.25,2.599917868,0,816480,19.35,0,9.857142857,0,1481.428571,0,0,186.1428571,23.57142857,3652.857143,0,5594.285714,7.519285714,0,0,0,0,0,0,0.6,124.2857143,1.230714286,1.230714286,1.230714286,1.230714286,1.230714286,1.230714286
2009,7,17,4.507715515,0.83,14.17065495,86.1365901,1013.25,4.390112457,0,924480,19.1975,0,9.885714286,0,1487.142857,0,0,186.7142857,22.85714286,3656.785714,0,5578.928571,7.501428571,0,0,0,0,0,0,0.6,121.4285714,1.241904762,1.241904762,1.241904762,1.241904762,1.241904762,1.241904762
2009,7,18,20.31825298,0.41,14.7245276,78.14708543,1013.25,2.945396762,0,907200,19.045,0,9.914285714,0,1492.857143,0,0,187.2857143,22.14285714,3660.714286,0,5563.571429,7.483571429,0,0,0,0,0,0,0.6,118.5714286,1.253095238,1.253095238,1.253095238,1.253095238,1.253095238,1.253095238
2009,7,19,20.13201572,0.4,14.15412041,83.31964277,1013.25,2.57010025,0,836352,18.8925,0,9.942857143,0,1498.571429,0,0,187.8571429,21.42857143,3664.642857,0,5548.214286,7.465714286,0,0,0,0,0,0,0.6,115.7142857,1.264285714,1.264285714,1.264285714,1.264285714,1.264285714,1.264285714
2009,7,20,26.76938288,0.27,14.04114162,83.15828986,1013.25,3.580880612,0,733536,18.74,0,9.971428571,0,1504.285714,0,0,188.4285714,20.71428571,3668.571429,0,5532.857143,7.447857143,0,0,0,0,0,0,0.6,112.8571429,1.27547619,1.27547619,1.27547619,1.27547619,1.27547619,1.27547619
2009,7,21,7.089756674,0.72,13.98071936,95.18536657,1013.25,2.315577576,0,768960,18.5875,0,10,0,1510,0,0,189,20,3672.5,0,5517.5,7.43,0,0,0,0,0,0,0.6,110,1.286666667,1.286666667,1.286666667,1.286666667,1.286666667,1.286666667
2009,7,22,10.86207302,0.68,14.97174248,89.71530342,1013.25,5.616884364,0,857088,18.435,0,10.02857143,0,1515.714286,0,0,192.6428571,20.28571429,3676.428571,0,5502.142857,7.422857143,0,0,0,0,0,0,0.6,131.4285714,1.331904762,1.331904762,1.331904762,1.331904762,1.331904762,1.331904762
2009,7,23,20.51878289,0.39,15.35399169,86.89261698,1013.25,4.66054787,0,933120,18.2825,0,10.05714286,0,1521.428571,0,0,196.2857143,20.57142857,3680.357143,0,5486.785714,7.415714286,0,0,0,0,0,0,0.6,152.8571429,1.377142857,1.377142857,1.377142857,1.377142857,1.377142857,1.377142857
2009,7,24,16.8450783,0.5,14.37513574,85.58097613,1013.25,3.194215229,0,950400,18.13,0,10.08571429,0,1527.142857,0,0,199.9285714,20.85714286,3684.285714,0,5471.428571,7.408571429,0,0,0,0,0,0,0.6,174.2857143,1.422380952,1.422380952,1.422380952,1.422380952,1.422380952,1.422380952
2009,7,25,29.56114621,0.26,13.88309051,75.42644083,1013.25,1.839003416,0,881280,17.9775,0,10.11428571,0,1532.857143,0,0,203.5714286,21.14285714,3688.214286,0,5456.071429,7.401428571,0,0,0,0,0,0,0.6,195.7142857,1.467619048,1.467619048,1.467619048,1.467619048,1.467619048,1.467619048
2009,7,26,9.167324499,0.69,14.68981487,87.96568455,1013.25,4.872115118,0,831168,17.825,0,10.14285714,0,1538.571429,0,0,207.2142857,21.42857143,3692.142857,0,5440.714286,7.394285714,0,0,0,0,0,0,0.6,217.1428571,1.512857143,1.512857143,1.512857143,1.512857143,1.512857143,1.512857143
2009,7,27,17.40869352,0.49,14.82064088,84.10938498,1013.25,4.858351664,0,924480,17.6725,0,10.17142857,0,1544.285714,0,0,210.8571429,21.71428571,3696.071429,0,5425.357143,7.387142857,0,0,0,0,0,0,0.6,238.5714286,1.558095238,1.558095238,1.558095238,1.558095238,1.558095238,1.558095238
2009,7,28,9.441127149,0.7,14.21127301,92.76896517,1013.25,5.798314359,0,1641600,17.52,0,10.2,0,1550,0,0,214.5,22,3700,0,5410,7.38,0,0,0,0,0,0,0.6,260,1.603333333,1.603333333,1.603333333,1.603333333,1.603333333,1.603333333
2009,7,29,10.51354572,0.62,14.39811923,92.20971923,1013.25,4.278540831,0,3749760,17.49666667,0,10.22857143,0,1560.666667,0,0,218.1428571,22.28571429,3689,0,5403.333333,7.372857143,0,0,0,0,0,0,0.6,281.4285714,1.648571429,1.648571429,1.648571429,1.648571429,1.648571429,1.648571429
2009,7,30,21.9564066,0.33,13.36516351,82.54810134,1013.25,2.656807152,0,3672000,17.47333333,0,10.25714286,0,1571.333333,0,0,221.7857143,22.57142857,3678,0,5396.666667,7.365714286,0,0,0,0,0,0,0.6,302.8571429,1.693809524,1.693809524,1.693809524,1.693809524,1.693809524,1.693809524
2009,7,31,14.24655057,0.53,14.21975266,83.41773062,1013.25,3.731601805,0,3093120,17.45,0,10.28571429,0,1582,0,0,225.4285714,22.85714286,3667,0,5390,7.358571429,0,0,0,0,0,0,0.6,324.2857143,1.739047619,1.739047619,1.739047619,1.739047619,1.739047619,1.739047619
2009,8,1,15.76984248,0.57,14.43012158,87.50703506,1013.25,4.409824294,0,3067200,17.42666667,0,10.31428571,0,1592.666667,0,0,229.0714286,23.14285714,3656,0,5383.333333,7.351428571,0,0,0,0,0,0,0.6,345.7142857,1.784285714,1.784285714,1.784285714,1.784285714,1.784285714,1.784285714
2009,8,2,18.03874001,0.4,14.21153262,78.58996236,1013.25,2.483345485,0,2790720,17.40333333,0,10.34285714,0,1603.333333,0,0,232.7142857,23.42857143,3645,0,5376.666667,7.344285714,0,0,0,0,0,0,0.6,367.1428571,1.82952381,1.82952381,1.82952381,1.82952381,1.82952381,1.82952381
2009,8,3,15.04498126,0.61,15.43451546,85.59707634,1013.25,2.692743031,0,2367360,17.38,0,10.37142857,0,1614,0,0,236.3571429,23.71428571,3634,0,5370,7.337142857,0,0,0,0,0,0,0.6,388.5714286,1.874761905,1.874761905,1.874761905,1.874761905,1.874761905,1.874761905
2009,8,4,5.659052067,0.77,17.03612695,92.40417287,1013.25,3.675139109,0,2358720,17.35666667,0,10.4,0,1624.666667,0,0,240,24,3623,0,5363.333333,7.33,0,0,0,0,0,0,0.6,410,1.92,1.92,1.92,1.92,1.92,1.92
2009,8,5,24.25789966,0.4,16.10476423,80.50231998,1013.25,2.291353791,0,2280960,17.33333333,0,10.42857143,0,1635.333333,0,0,234.2142857,24.42857143,3612,0,5356.666667,7.331428571,0,0,0,0,0,0,0.6,401.4285714,1.915952381,1.915952381,1.915952381,1.915952381,1.915952381,1.915952381
2009,8,6,23.62471461,0.35,14.73925744,82.31485407,1013.25,1.514813232,0,1961280,17.31,0,10.45714286,0,1646,0,0,228.4285714,24.85714286,3601,0,5350,7.332857143,0,0,0,0,0,0,0.6,392.8571429,1.911904762,1.911904762,1.911904762,1.911904762,1.911904762,1.911904762
2009,8,7,25.64226132,0.16,15.00759944,80.33664911,1013.25,1.947074864,0,1650240,17.28666667,0,10.48571429,0,1656.666667,0,0,222.6428571,25.28571429,3590,0,5343.333333,7.334285714,0,0,0,0,0,0,0.6,384.2857143,1.907857143,1.907857143,1.907857143,1.907857143,1.907857143,1.907857143
2009,8,8,13.30250616,0.48,14.53208596,86.66643183,1013.25,1.972145601,0,1391040,17.26333333,0,10.51428571,0,1667.333333,0,0,216.8571429,25.71428571,3579,0,5336.666667,7.335714286,0,0,0,0,0,0,0.6,375.7142857,1.903809524,1.903809524,1.903809524,1.903809524,1.903809524,1.903809524
2009,8,9,16.19694741,0.49,15.83173375,85.17549292,1013.25,2.229047238,0,1157760,17.24,0,10.54285714,0,1678,0,0,211.0714286,26.14285714,3568,0,5330,7.337142857,0,0,0,0,0,0,0.6,367.1428571,1.899761905,1.899761905,1.899761905,1.899761905,1.899761905,1.899761905
2009,8,10,12.79047542,0.6,15.78509441,91.06618331,1013.25,2.879233766,0,1080000,17.21666667,0,10.57142857,0,1688.666667,0,0,205.2857143,26.57142857,3557,0,5323.333333,7.338571429,0,0,0,0,0,0,0.6,358.5714286,1.895714286,1.895714286,1.895714286,1.895714286,1.895714286,1.895714286
2009,8,11,11.98124104,0.6,14.62450569,92.47477261,1013.25,2.707801276,0,959040,17.19333333,0,10.6,0,1699.333333,0,0,199.5,27,3546,0,5316.666667,7.34,0,0,0,0,0,0,0.6,350,1.891666667,1.891666667,1.891666667,1.891666667,1.891666667,1.891666667
2009,8,12,15.59795646,0.45,15.00786986,82.87435759,1013.25,2.424148782,0,850176,17.17,0,10.62857143,0,1710,0,0,193.7142857,27.42857143,3535,0,5310,7.341428571,0,0,0,0,0,0,0.6,341.4285714,1.887619048,1.887619048,1.887619048,1.887619048,1.887619048,1.887619048
2009,8,13,23.59865323,0.21,13.95512881,82.24815662,1013.25,1.610452964,0,733536,17.14666667,0,10.65714286,0,1720.666667,0,0,187.9285714,27.85714286,3524,0,5303.333333,7.342857143,0,0,0,0,0,0,0.6,332.8571429,1.883571429,1.883571429,1.883571429,1.883571429,1.883571429,1.883571429
2009,8,14,6.278398296,0.76,14.29137454,91.3785984,1013.25,3.12211644,0,708480,17.12333333,0,10.68571429,0,1731.333333,0,0,182.1428571,28.28571429,3513,0,5296.666667,7.344285714,0,0,0,0,0,0,0.6,324.2857143,1.87952381,1.87952381,1.87952381,1.87952381,1.87952381,1.87952381
2009,8,15,8.159521552,0.67,16.4469268,87.20518625,1013.25,6.023233433,0,1209600,17.1,0,10.71428571,0,1742,0,0,176.3571429,28.71428571,3502,0,5290,7.345714286,0,0,0,0,0,0,0.6,315.7142857,1.87547619,1.87547619,1.87547619,1.87547619,1.87547619,1.87547619
2009,8,16,2.285730203,0.84,15.2297443,84.48561919,1013.25,4.950392721,0,1365120,17.07666667,0,10.74285714,0,1752.666667,0,0,170.5714286,29.14285714,3491,0,5283.333333,7.347142857,0,0,0,0,0,0,0.6,307.1428571,1.871428571,1.871428571,1.871428571,1.871428571,1.871428571,1.871428571
2009,8,17,9.40783572,0.66,15.34146956,85.28541872,1013.25,3.288550681,0,1321920,17.05333333,0,10.77142857,0,1763.333333,0,0,164.7857143,29.57142857,3480,0,5276.666667,7.348571429,0,0,0,0,0,0,0.6,298.5714286,1.867380952,1.867380952,1.867380952,1.867380952,1.867380952,1.867380952
2009,8,18,8.997780586,0.59,15.76441405,87.527531,1013.25,2.255705016,0,1226880,17.03,0,10.8,0,1774,0,0,159,30,3469,0,5270,7.35,0,0,0,0,0,0,0.6,290,1.863333333,1.863333333,1.863333333,1.863333333,1.863333333,1.863333333
2009,8,19,5.598644861,0.78,17.30966276,90.386364,1013.25,3.319866063,0,1235520,17.00666667,0,11.05714286,0,1784.666667,0,0,159.7857143,28.57142857,3458,0,5263.333333,7.34,0,0,0,0,0,0,0.6,316.4285714,1.886547619,1.886547619,1.886547619,1.886547619,1.886547619,1.886547619
2009,8,20,9.891843248,0.6,16.6162919,85.07309122,1013.25,6.092281117,0,1702080,16.98333333,0,11.31428571,0,1795.333333,0,0,160.5714286,27.14285714,3447,0,5256.666667,7.33,0,0,0,0,0,0,0.6,342.8571429,1.909761905,1.909761905,1.909761905,1.909761905,1.909761905,1.909761905
2009,8,21,15.80769073,0.45,13.88105334,80.15356725,1013.25,4.336111572,0,1857600,16.96,0,11.57142857,0,1806,0,0,161.3571429,25.71428571,3436,0,5250,7.32,0,0,0,0,0,0,0.6,369.2857143,1.93297619,1.93297619,1.93297619,1.93297619,1.93297619,1.93297619
2009,8,22,21.3155035,0.23,14.25288822,78.24002999,1013.25,2.524279872,0,1719360,16.93666667,0,11.82857143,0,1816.666667,0,0,162.1428571,24.28571429,3425,0,5243.333333,7.31,0,0,0,0,0,0,0.6,395.7142857,1.956190476,1.956190476,1.956190476,1.956190476,1.956190476,1.956190476
2009,8,23,2.64742386,0.84,16.25612016,89.93073566,1013.25,4.047137504,0,1944000,16.91333333,0,12.08571429,0,1827.333333,0,0,162.9285714,22.85714286,3414,0,5236.666667,7.3,0,0,0,0,0,0,0.6,422.1428571,1.979404762,1.979404762,1.979404762,1.979404762,1.979404762,1.979404762
2009,8,24,18.56350981,0.28,14.33331063,81.75616563,1013.25,2.187862018,0,2471040,16.89,0,12.34285714,0,1838,0,0,163.7142857,21.42857143,3403,0,5230,7.29,0,0,0,0,0,0,0.6,448.5714286,2.002619048,2.002619048,2.002619048,2.002619048,2.002619048,2.002619048
2009,8,25,17.7574015,0.42,13.6234813,82.05384146,1013.25,3.009673616,0,2401920,16.86666667,0,12.6,0,1848.666667,0,0,164.5,20,3392,0,5223.333333,7.28,0,0,0,0,0,0,0.6,475,2.025833333,2.025833333,2.025833333,2.025833333,2.025833333,2.025833333
2009,8,26,3.475148987,0.87,14.53100158,91.78198113,1013.25,4.016952459,0,2842560,16.84333333,0,12.85714286,0,1859.333333,0,0,165.2857143,18.57142857,3381,0,5216.666667,7.27,0,0,0,0,0,0,0.6,501.4285714,2.049047619,2.049047619,2.049047619,2.049047619,2.049047619,2.049047619
2009,8,27,12.27515795,0.48,14.73684656,82.24426038,1013.25,3.874927685,0,3144960,16.82,0,13.11428571,0,1870,0,0,166.0714286,17.14285714,3370,0,5210,7.26,0,0,0,0,0,0,0.6,527.8571429,2.072261905,2.072261905,2.072261905,2.072261905,2.072261905,2.072261905
2009,8,28,13.96332621,0.37,12.83579047,79.51283889,1013.25,3.458320757,0,2928960,16.75441176,0,13.37142857,0,1867.058824,0,0,166.8571429,15.71428571,3368.529412,0,5218.529412,7.25,0,0,0,0,0,0,0.6,554.2857143,2.09547619,2.09547619,2.09547619,2.09547619,2.09547619,2.09547619
2009,8,29,13.4819439,0.41,13.16416738,80.50972584,1013.25,3.663749004,0,2669760,16.68882353,0,13.62857143,0,1864.117647,0,0,167.6428571,14.28571429,3367.058824,0,5227.058824,7.24,0,0,0,0,0,0,0.6,580.7142857,2.118690476,2.118690476,2.118690476,2.118690476,2.118690476,2.118690476
2009,8,30,6.578204867,0.69,13.84489007,91.3859068,1013.25,3.093527168,0,2514240,16.62323529,0,13.88571429,0,1861.176471,0,0,168.4285714,12.85714286,3365.588235,0,5235.588235,7.23,0,0,0,0,0,0,0.6,607.1428571,2.141904762,2.141904762,2.141904762,2.141904762,2.141904762,2.141904762
2009,8,31,2.915012377,0.88,16.30705336,90.81851967,1013.25,5.84414028,0,3084480,16.55764706,0,14.14285714,0,1858.235294,0,0,169.2142857,11.42857143,3364.117647,0,5244.117647,7.22,0,0,0,0,0,0,0.6,633.5714286,2.165119048,2.165119048,2.165119048,2.165119048,2.165119048,2.165119048
2009,9,1,10.56991155,0.51,13.75709979,84.9518335,1013.25,5.197379616,0,3456000,16.49205882,0,14.4,0,1855.294118,0,0,170,10,3362.647059,0,5252.647059,7.21,0,0,0,0,0,0,0.6,660,2.188333333,2.188333333,2.188333333,2.188333333,2.188333333,2.188333333
2009,9,2,7.974728378,0.63,13.37695855,84.49353989,1013.25,2.91629462,0,3585600,16.42647059,0,14.55,0,1852.352941,0,0,174.3571429,12.85714286,3361.176471,0,5261.176471,7.22,0,0,0,0,0,0,0.6,676.4285714,2.188095238,2.188095238,2.188095238,2.188095238,2.188095238,2.188095238
2009,9,3,9.65845964,0.57,12.95656283,76.26423853,1013.25,2.75125361,0,4069440,16.36088235,0,14.7,0,1849.411765,0,0,178.7142857,15.71428571,3359.705882,0,5269.705882,7.23,0,0,0,0,0,0,0.6,692.8571429,2.187857143,2.187857143,2.187857143,2.187857143,2.187857143,2.187857143
2009,9,4,8.967292801,0.54,13.09944781,78.83753203,1013.25,2.818428881,0,3913920,16.29529412,0,14.85,0,1846.470588,0,0,183.0714286,18.57142857,3358.235294,0,5278.235294,7.24,0,0,0,0,0,0,0.6,709.2857143,2.187619048,2.187619048,2.187619048,2.187619048,2.187619048,2.187619048
2009,9,5,6.8484456,0.57,13.06568299,87.5596257,1013.25,3.165688434,0,3352320,16.22970588,0,15,0,1843.529412,0,0,187.4285714,21.42857143,3356.764706,0,5286.764706,7.25,0,0,0,0,0,0,0.6,725.7142857,2.187380952,2.187380952,2.187380952,2.187380952,2.187380952,2.187380952
2009,9,6,5.760317252,0.73,13.40034657,86.0797905,1013.25,3.707594822,0,2894400,16.16411765,0,15.15,0,1840.588235,0,0,191.7857143,24.28571429,3355.294118,0,5295.294118,7.26,0,0,0,0,0,0,0.6,742.1428571,2.187142857,2.187142857,2.187142857,2.187142857,2.187142857,2.187142857
2009,9,7,12.53780726,0.42,14.38255015,88.41488855,1013.25,2.977756472,0,2885760,16.09852941,0,15.3,0,1837.647059,0,0,196.1428571,27.14285714,3353.823529,0,5303.823529,7.27,0,0,0,0,0,0,0.6,758.5714286,2.186904762,2.186904762,2.186904762,2.186904762,2.186904762,2.186904762
2009,9,8,2.718355409,0.87,14.98566008,94.18025566,1013.25,4.466051281,0,2790720,16.03294118,0,15.45,0,1834.705882,0,0,200.5,30,3352.352941,0,5312.352941,7.28,0,0,0,0,0,0,0.6,775,2.186666667,2.186666667,2.186666667,2.186666667,2.186666667,2.186666667
2009,9,9,16.96606364,0.21,12.78469962,80.58248834,1013.25,1.30071117,0,2721600,15.96735294,0,15.6,0,1831.764706,0,0,204.8571429,32.85714286,3350.882353,0,5320.882353,7.29,0,0,0,0,0,0,0.6,791.4285714,2.186428571,2.186428571,2.186428571,2.186428571,2.186428571,2.186428571
2009,9,10,18.91999633,0.25,12.86455501,85.55041133,1013.25,0.90075764,0,2358720,15.90176471,0,15.75,0,1828.823529,0,0,209.2142857,35.71428571,3349.411765,0,5329.411765,7.3,0,0,0,0,0,0,0.6,807.8571429,2.186190476,2.186190476,2.186190476,2.186190476,2.186190476,2.186190476
2009,9,11,18.32476877,0.38,13.04711305,88.85098983,1013.25,1.210439098,0,1987200,15.83617647,0,15.9,0,1825.882353,0,0,213.5714286,38.57142857,3347.941176,0,5337.941176,7.31,0,0,0,0,0,0,0.6,824.2857143,2.185952381,2.185952381,2.185952381,2.185952381,2.185952381,2.185952381
2009,9,12,18.11091617,0.42,13.49976465,90.15054213,1013.25,1.279221924,0,1667520,15.77058824,0,16.05,0,1822.941176,0,0,217.9285714,41.42857143,3346.470588,0,5346.470588,7.32,0,0,0,0,0,0,0.6,840.7142857,2.185714286,2.185714286,2.185714286,2.185714286,2.185714286,2.185714286
2009,9,13,19.1117305,0.17,13.44678523,83.0258126,1013.25,2.564864461,0,1408320,15.705,0,16.2,0,1820,0,0,222.2857143,44.28571429,3345,0,5355,7.33,0,0,0,0,0,0,0.6,857.1428571,2.18547619,2.18547619,2.18547619,2.18547619,2.18547619,2.18547619
2009,9,14,7.873792282,0.57,11.829669,82.16696568,1013.25,1.955058691,0,1175040,15.63941176,0,16.35,0,1817.058824,0,0,226.6428571,47.14285714,3343.529412,0,5363.529412,7.34,0,0,0,0,0,0,0.6,873.5714286,2.185238095,2.185238095,2.185238095,2.185238095,2.185238095,2.185238095
2009,9,15,13.8239019,0.36,12.49602832,81.54940447,1013.25,1.960162919,0,967680,15.57382353,0,16.5,0,1814.117647,0,0,231,50,3342.058824,0,5372.058824,7.35,0,0,0,0,0,0,0.6,890,2.185,2.185,2.185,2.185,2.185,2.185
2009,9,16,14.29017091,0.31,11.11503059,80.04881261,1013.25,2.466128938,0,798336,15.50823529,0,16.67142857,0,1811.176471,0,0,228.7857143,47.85714286,3340.588235,0,5380.588235,7.341428571,0,0,0,0,0,0,0.6,879.2857143,2.116428571,2.116428571,2.116428571,2.116428571,2.116428571,2.116428571
2009,9,17,10.36161059,0.44,10.6324615,84.54308772,1013.25,0.911442825,0,654048,15.44264706,0,16.84285714,0,1808.235294,0,0,226.5714286,45.71428571,3339.117647,0,5389.117647,7.332857143,0,0,0,0,0,0,0.6,868.5714286,2.047857143,2.047857143,2.047857143,2.047857143,2.047857143,2.047857143
2009,9,18,7.221991371,0.58,12.4234652,81.81033903,1013.25,1.285013441,0,552096,15.37705882,0,17.01428571,0,1805.294118,0,0,224.3571429,43.57142857,3337.647059,0,5397.647059,7.324285714,0,0,0,0,0,0,0.6,857.8571429,1.979285714,1.979285714,1.979285714,1.979285714,1.979285714,1.979285714
2009,9,19,4.977823176,0.66,12.57227888,91.35518547,1013.25,1.721700491,0,463968,15.31147059,0,17.18571429,0,1802.352941,0,0,222.1428571,41.42857143,3336.176471,0,5406.176471,7.315714286,0,0,0,0,0,0,0.6,847.1428571,1.910714286,1.910714286,1.910714286,1.910714286,1.910714286,1.910714286
2009,9,20,15.48322479,0.45,10.52696822,86.07017183,1013.25,1.751006495,0,385344,15.24588235,0,17.35714286,0,1799.411765,0,0,219.9285714,39.28571429,3334.705882,0,5414.705882,7.307142857,0,0,0,0,0,0,0.6,836.4285714,1.842142857,1.842142857,1.842142857,1.842142857,1.842142857,1.842142857
2009,9,21,3.785930858,0.77,14.28102242,89.2547927,1013.25,5.31909735,0,318816,15.18029412,0,17.52857143,0,1796.470588,0,0,217.7142857,37.14285714,3333.235294,0,5423.235294,7.298571429,0,0,0,0,0,0,0.6,825.7142857,1.773571429,1.773571429,1.773571429,1.773571429,1.773571429,1.773571429
2009,9,22,10.44290614,0.48,14.53916512,85.38451138,1013.25,5.143245877,0,311904,15.11470588,0,17.7,0,1793.529412,0,0,215.5,35,3331.764706,0,5431.764706,7.29,0,0,0,0,0,0,0.6,815,1.705,1.705,1.705,1.705,1.705,1.705
2009,9,23,10.83610463,0.47,13.17328424,82.2867265,1013.25,3.12310141,0,288576,15.04911765,0,17.87142857,0,1790.588235,0,0,213.2857143,32.85714286,3330.294118,0,5440.294118,7.281428571,0,0,0,0,0,0,0.6,804.2857143,1.636428571,1.636428571,1.636428571,1.636428571,1.636428571,1.636428571
2009,9,24,4.005784625,0.72,13.02361342,84.65011537,1013.25,2.541117956,0,267840,14.98352941,0,18.04285714,0,1787.647059,0,0,211.0714286,30.71428571,3328.823529,0,5448.823529,7.272857143,0,0,0,0,0,0,0.6,793.5714286,1.567857143,1.567857143,1.567857143,1.567857143,1.567857143,1.567857143
2009,9,25,4.030464403,0.73,13.24402941,87.08381201,1013.25,2.23704177,0,247968,14.91794118,0,18.21428571,0,1784.705882,0,0,208.8571429,28.57142857,3327.352941,0,5457.352941,7.264285714,0,0,0,0,0,0,0.6,782.8571429,1.499285714,1.499285714,1.499285714,1.499285714,1.499285714,1.499285714
2009,9,26,15.87731877,0.3,12.39435126,88.8434713,1013.25,1.500108101,0,230688,14.85235294,0,18.38571429,0,1781.764706,0,0,206.6428571,26.42857143,3325.882353,0,5465.882353,7.255714286,0,0,0,0,0,0,0.6,772.1428571,1.430714286,1.430714286,1.430714286,1.430714286,1.430714286,1.430714286
2009,9,27,6.609190859,0.56,13.37837278,91.73777931,1013.25,2.150892431,0,207360,14.78676471,0,18.55714286,0,1778.823529,0,0,204.4285714,24.28571429,3324.411765,0,5474.411765,7.247142857,0,0,0,0,0,0,0.6,761.4285714,1.362142857,1.362142857,1.362142857,1.362142857,1.362142857,1.362142857
2009,9,28,3.248330525,0.72,14.29149261,91.79395327,1013.25,2.809924958,0,194400,14.72117647,0,18.72857143,0,1775.882353,0,0,202.2142857,22.14285714,3322.941176,0,5482.941176,7.238571429,0,0,0,0,0,0,0.6,750.7142857,1.293571429,1.293571429,1.293571429,1.293571429,1.293571429,1.293571429
2009,9,29,1.306731683,0.88,14.44443187,90.33223425,1013.25,3.699363209,0,189216,14.65558824,0,18.9,0,1772.941176,0,0,200,20,3321.470588,0,5491.470588,7.23,0,0,0,0,0,0,0.6,740,1.225,1.225,1.225,1.225,1.225,1.225
2009,9,30,6.823094868,0.54,13.99624284,86.98594818,1013.25,2.673336497,0,189216,14.59,0,19.07142857,0,1770,0,0,201.1428571,19.28571429,3320,0,5500,7.228571429,0,0,0,0,0,0,0.6,755,1.225714286,1.225714286,1.225714286,1.225714286,1.225714286,1.225714286
2009,10,1,13.64762614,0.35,11.0959029,70.76808056,1013.25,1.743227834,0,181440,14.48,0,19.24285714,0,1766.5,0,0,202.2857143,18.57142857,3323,0,5505,7.227142857,0,0,0,0,0,0,0.6,770,1.226428571,1.226428571,1.226428571,1.226428571,1.226428571,1.226428571
2009,10,2,5.197467114,0.61,12.08240642,88.69539707,1013.25,3.541506047,0,166752,14.37,0,19.41428571,0,1763,0,0,203.4285714,17.85714286,3326,0,5510,7.225714286,0,0,0,0,0,0,0.6,785,1.227142857,1.227142857,1.227142857,1.227142857,1.227142857,1.227142857
2009,10,3,7.943207891,0.54,11.86781071,78.13078036,1013.25,5.816878825,0,392256,14.26,0,19.58571429,0,1759.5,0,0,204.5714286,17.14285714,3329,0,5515,7.224285714,0,0,0,0,0,0,0.6,800,1.227857143,1.227857143,1.227857143,1.227857143,1.227857143,1.227857143
2009,10,4,10.70886524,0.33,9.804188871,80.33505971,1013.25,1.766953837,0,508032,14.15,0,19.75714286,0,1756,0,0,205.7142857,16.42857143,3332,0,5520,7.222857143,0,0,0,0,0,0,0.6,815,1.228571429,1.228571429,1.228571429,1.228571429,1.228571429,1.228571429
2009,10,5,9.242563234,0.38,9.994951715,90.44573828,1013.25,0.889299524,0,495936,14.04,0,19.92857143,0,1752.5,0,0,206.8571429,15.71428571,3335,0,5525,7.221428571,0,0,0,0,0,0,0.6,830,1.229285714,1.229285714,1.229285714,1.229285714,1.229285714,1.229285714
2009,10,6,2.463190016,0.8,10.32774581,89.9511449,1013.25,2.368490087,0,696384,13.93,0,20.1,0,1749,0,0,208,15,3338,0,5530,7.22,0,0,0,0,0,0,0.6,845,1.23,1.23,1.23,1.23,1.23,1.23
2009,10,7,8.108559757,0.38,8.178589012,87.72468167,1013.25,1.362675279,0,771552,13.82,0,20.27142857,0,1745.5,0,0,209.1428571,14.28571429,3341,0,5535,7.218571429,0,0,0,0,0,0,0.6,860,1.230714286,1.230714286,1.230714286,1.230714286,1.230714286,1.230714286
2009,10,8,13.01026115,0.26,9.098249282,81.85455149,1013.25,1.335030029,0,719712,13.71,0,20.44285714,0,1742,0,0,210.2857143,13.57142857,3344,0,5540,7.217142857,0,0,0,0,0,0,0.6,875,1.231428571,1.231428571,1.231428571,1.231428571,1.231428571,1.231428571
2009,10,9,6.696927866,0.49,9.952496799,82.36486274,1013.25,2.46081196,0,680832,13.6,0,20.61428571,0,1738.5,0,0,211.4285714,12.85714286,3347,0,5545,7.215714286,0,0,0,0,0,0,0.6,890,1.232142857,1.232142857,1.232142857,1.232142857,1.232142857,1.232142857
2009,10,10,6.809323862,0.45,11.65424742,93.37009452,1013.25,1.347553431,0,733536,13.49,0,20.78571429,0,1735,0,0,212.5714286,12.14285714,3350,0,5550,7.214285714,0,0,0,0,0,0,0.6,905,1.232857143,1.232857143,1.232857143,1.232857143,1.232857143,1.232857143
2009,10,11,8.806906374,0.5,12.4900489,77.02094501,1013.25,2.849801296,0,717984,13.38,0,20.95714286,0,1731.5,0,0,213.7142857,11.42857143,3353,0,5555,7.212857143,0,0,0,0,0,0,0.6,920,1.233571429,1.233571429,1.233571429,1.233571429,1.233571429,1.233571429
2009,10,12,11.83053261,0.23,9.431423548,82.13882105,1013.25,1.239640298,0,657504,13.27,0,21.12857143,0,1728,0,0,214.8571429,10.71428571,3356,0,5560,7.211428571,0,0,0,0,0,0,0.6,935,1.234285714,1.234285714,1.234285714,1.234285714,1.234285714,1.234285714
2009,10,13,6.06718642,0.43,9.411291224,94.74710896,1013.25,1.111722613,0,590112,13.16,0,21.3,0,1724.5,0,0,216,10,3359,0,5565,7.21,0,0,0,0,0,0,0.6,950,1.235,1.235,1.235,1.235,1.235,1.235
2009,10,14,2.171538848,0.77,12.4717429,97.6999557,1013.25,0.595622208,0,531360,13.05,0,21.15714286,0,1721,0,0,214.7142857,10,3362,0,5570,7.205714286,0,0,0,0,0,0,0.864285714,963.5714286,1.219047619,1.219047619,1.219047619,1.219047619,1.219047619,1.219047619
2009,10,15,4.49070087,0.55,13.51177057,94.50557455,1013.25,0.949674065,0,483840,12.94,0,21.01428571,0,1717.5,0,0,213.4285714,10,3365,0,5575,7.201428571,0,0,0,0,0,0,1.128571429,977.1428571,1.203095238,1.203095238,1.203095238,1.203095238,1.203095238,1.203095238
2009,10,16,11.86624438,0.29,10.54829663,79.28262464,1013.25,1.948992371,0,426816,12.83,0,20.87142857,0,1714,0,0,212.1428571,10,3368,0,5580,7.197142857,0,0,0,0,0,0,1.392857143,990.7142857,1.187142857,1.187142857,1.187142857,1.187142857,1.187142857,1.187142857
2009,10,17,9.8887905,0.23,8.22419256,85.47617185,1013.25,1.098375566,0,367200,12.72,0,20.72857143,0,1710.5,0,0,210.8571429,10,3371,0,5585,7.192857143,0,0,0,0,0,0,1.657142857,1004.285714,1.171190476,1.171190476,1.171190476,1.171190476,1.171190476,1.171190476
2009,10,18,0.890095527,0.92,8.298577392,95.17754446,1013.25,1.518095874,0,364608,12.61,0,20.58571429,0,1707,0,0,209.5714286,10,3374,0,5590,7.188571429,0,0,0,0,0,0,1.921428571,1017.857143,1.155238095,1.155238095,1.155238095,1.155238095,1.155238095,1.155238095
2009,10,19,1.338903469,0.84,10.66071593,91.04138911,1013.25,4.133999949,0,881280,12.5,0,20.44285714,0,1703.5,0,0,208.2857143,10,3377,0,5595,7.184285714,0,0,0,0,0,0,2.185714286,1031.428571,1.139285714,1.139285714,1.139285714,1.139285714,1.139285714,1.139285714
2009,10,20,2.266889202,0.8,9.251609454,82.66773326,1013.25,2.192905874,0,1200960,12.39,0,20.3,0,1700,0,0,207,10,3380,0,5600,7.18,0,0,0,0,0,0,2.45,1045,1.123333333,1.123333333,1.123333333,1.123333333,1.123333333,1.123333333
2009,10,21,4.598973993,0.65,11.68059469,87.4451761,1013.25,2.039782223,0,1425600,12.29217391,0,20.15714286,0,1700.434783,0,0,205.7142857,10,3384.782609,0,5588.26087,7.175714286,0,0,0,0,0,0,2.714285714,1058.571429,1.107380952,1.107380952,1.107380952,1.107380952,1.107380952,1.107380952
2009,10,22,5.249909279,0.42,12.20390996,84.55345529,1013.25,1.788843204,0,1408320,12.19434783,0,20.01428571,0,1700.869565,0,0,204.4285714,10,3389.565217,0,5576.521739,7.171428571,0,0,0,0,0,0,2.978571429,1072.142857,1.091428571,1.091428571,1.091428571,1.091428571,1.091428571,1.091428571
2009,10,23,2.869620486,0.62,11.78085985,91.87391963,1013.25,1.802860455,0,1330560,12.09652174,0,19.87142857,0,1701.304348,0,0,203.1428571,10,3394.347826,0,5564.782609,7.167142857,0,0,0,0,0,0,3.242857143,1085.714286,1.07547619,1.07547619,1.07547619,1.07547619,1.07547619,1.07547619
2009,10,24,2.618295749,0.7,13.05795045,88.23933538,1013.25,5.352093228,0,1442880,11.99869565,0,19.72857143,0,1701.73913,0,0,201.8571429,10,3399.130435,0,5553.043478,7.162857143,0,0,0,0,0,0,3.507142857,1099.285714,1.05952381,1.05952381,1.05952381,1.05952381,1.05952381,1.05952381
2009,10,25,1.835037314,0.75,12.97723247,85.14709128,1013.25,6.628488776,0,1935360,11.90086957,0,19.58571429,0,1702.173913,0,0,200.5714286,10,3403.913043,0,5541.304348,7.158571429,0,0,0,0,0,0,3.771428571,1112.857143,1.043571429,1.043571429,1.043571429,1.043571429,1.043571429,1.043571429
2009,10,26,4.59838809,0.52,12.09929371,87.08160513,1013.25,1.508535004,0,2168640,11.80304348,0,19.44285714,0,1702.608696,0,0,199.2857143,10,3408.695652,0,5529.565217,7.154285714,0,0,0,0,0,0,4.035714286,1126.428571,1.027619048,1.027619048,1.027619048,1.027619048,1.027619048,1.027619048
2009,10,27,1.457038675,0.76,12.37822989,92.68337831,1013.25,2.624244613,0,2021760,11.70521739,0,19.3,0,1703.043478,0,0,198,10,3413.478261,0,5517.826087,7.15,0,0,0,0,0,0,4.3,1140,1.011666667,1.011666667,1.011666667,1.011666667,1.011666667,1.011666667
2009,10,28,2.89368979,0.78,13.47159815,93.41971153,1013.25,3.548741414,0,1883520,11.6073913,0,19.3,0,1703.478261,0,0,208.7857143,10,3418.26087,0,5506.086957,7.142142857,0,0,0,0,0,0,4.16,1137.857143,0.990119048,0.990119048,0.990119048,0.990119048,0.990119048,0.990119048
2009,10,29,3.665710553,0.65,12.07812403,96.45020775,1013.25,1.755461951,0,1710720,11.50956522,0,19.3,0,1703.913043,0,0,219.5714286,10,3423.043478,0,5494.347826,7.134285714,0,0,0,0,0,0,4.02,1135.714286,0.968571429,0.968571429,0.968571429,0.968571429,0.968571429,0.968571429
2009,10,30,4.195849533,0.51,12.57208938,92.03600665,1013.25,1.63112802,0,1632960,11.41173913,0,19.3,0,1704.347826,0,0,230.3571429,10,3427.826087,0,5482.608696,7.126428571,0,0,0,0,0,0,3.88,1133.571429,0.94702381,0.94702381,0.94702381,0.94702381,0.94702381,0.94702381
2009,10,31,2.462676311,0.79,13.35319836,95.15493803,1013.25,4.719778212,0,1935360,11.31391304,0,19.3,0,1704.782609,0,0,241.1428571,10,3432.608696,0,5470.869565,7.118571429,0,0,0,0,0,0,3.74,1131.428571,0.92547619,0.92547619,0.92547619,0.92547619,0.92547619,0.92547619
2009,11,1,1.245186463,0.83,11.13050302,90.84422198,1013.25,4.415619096,0,3464640,11.21608696,0,19.3,0,1705.217391,0,0,251.9285714,10,3437.391304,0,5459.130435,7.110714286,0,0,0,0,0,0,3.6,1129.285714,0.903928571,0.903928571,0.903928571,0.903928571,0.903928571,0.903928571
2009,11,2,3.57524365,0.54,9.230247643,83.16729807,1013.25,3.233844772,0,4942080,11.11826087,0,19.3,0,1705.652174,0,0,262.7142857,10,3442.173913,0,5447.391304,7.102857143,0,0,0,0,0,0,3.46,1127.142857,0.882380952,0.882380952,0.882380952,0.882380952,0.882380952,0.882380952
2009,11,3,5.45556074,0.72,9.87259914,85.10259192,1013.25,3.956395667,0,5434560,11.02043478,0,19.3,0,1706.086957,0,0,273.5,10,3446.956522,0,5435.652174,7.095,0,0,0,0,0,0,3.32,1125,0.860833333,0.860833333,0.860833333,0.860833333,0.860833333,0.860833333
2009,11,4,2.818382258,0.76,7.999040964,96.22123791,1013.25,1.3765664,0,5071680,10.9226087,0,19.3,0,1706.521739,0,0,284.2857143,10,3451.73913,0,5423.913043,7.087142857,0,0,0,0,0,0,3.18,1122.857143,0.839285714,0.839285714,0.839285714,0.839285714,0.839285714,0.839285714
2009,11,5,2.519730106,0.65,6.740194533,97.9431276,1013.25,0.88751967,0,4345920,10.82478261,0,19.3,0,1706.956522,0,0,295.0714286,10,3456.521739,0,5412.173913,7.079285714,0,0,0,0,0,0,3.04,1120.714286,0.817738095,0.817738095,0.817738095,0.817738095,0.817738095,0.817738095
2009,11,6,1.250390801,0.83,7.21990205,92.54571675,1013.25,1.935200253,0,3680640,10.72695652,0,19.3,0,1707.391304,0,0,305.8571429,10,3461.304348,0,5400.434783,7.071428571,0,0,0,0,0,0,2.9,1118.571429,0.796190476,0.796190476,0.796190476,0.796190476,0.796190476,0.796190476
2009,11,7,1.484863055,0.79,6.437898406,98.43352626,1013.25,1.407620858,0,3602880,10.62913043,0,19.3,0,1707.826087,0,0,316.6428571,10,3466.086957,0,5388.695652,7.063571429,0,0,0,0,0,0,2.76,1116.428571,0.774642857,0.774642857,0.774642857,0.774642857,0.774642857,0.774642857
2009,11,8,6.118998456,0.61,6.946077143,91.73543186,1013.25,2.306804091,0,3559680,10.53130435,0,19.3,0,1708.26087,0,0,327.4285714,10,3470.869565,0,5376.956522,7.055714286,0,0,0,0,0,0,2.62,1114.285714,0.753095238,0.753095238,0.753095238,0.753095238,0.753095238,0.753095238
2009,11,9,5.606852806,0.71,4.746891411,95.97255872,1013.25,0.843337673,0,2963520,10.43347826,0,19.3,0,1708.695652,0,0,338.2142857,10,3475.652174,0,5365.217391,7.047857143,0,0,0,0,0,0,2.48,1112.142857,0.731547619,0.731547619,0.731547619,0.731547619,0.731547619,0.731547619
2009,11,10,0.737269867,0.9,6.508584171,99.34151231,1013.25,0.825865718,0,2522880,10.33565217,0,19.3,0,1709.130435,0,0,349,10,3480.434783,0,5353.478261,7.04,0,0,0,0,0,0,2.34,1110,0.71,0.71,0.71,0.71,0.71,0.71
2009,11,11,5.143751836,0.58,7.165311611,92.27274891,1013.25,1.658409043,0,2134080,10.23782609,0,18.925,0,1709.565217,0,0,347.8928571,10,3485.217391,0,5341.73913,7.036428571,0,0,0,0,0,0,2.410357143,1130,0.691071429,0.691071429,0.691071429,0.691071429,0.691071429,0.691071429
2009,11,12,2.863296127,0.69,9.745712101,95.47752701,1013.25,3.920807346,0,1987200,10.14,0,18.55,0,1710,0,0,346.7857143,10,3490,0,5330,7.032857143,0,0,0,0,0,0,2.480714286,1150,0.672142857,0.672142857,0.672142857,0.672142857,0.672142857,0.672142857
2009,11,13,2.367928115,0.71,9.128348415,96.55107782,1013.25,3.464430988,0,2237760,10.05703704,0,18.175,0,1699.259259,0,0,345.6785714,10,3473.703704,0,5312.592593,7.029285714,0,0,0,0,0,0,2.551071429,1170,0.653214286,0.653214286,0.653214286,0.653214286,0.653214286,0.653214286
2009,11,14,1.201039939,0.79,10.17668561,87.69180923,1013.25,4.280551231,0,2972160,9.974074074,0,17.8,0,1688.518519,0,0,344.5714286,10,3457.407407,0,5295.185185,7.025714286,0,0,0,0,0,0,2.621428571,1190,0.634285714,0.634285714,0.634285714,0.634285714,0.634285714,0.634285714
2009,11,15,2.717805831,0.67,8.793404486,96.47025173,1013.25,3.390309757,0,3058560,9.891111111,0,17.425,0,1677.777778,0,0,343.4642857,10,3441.111111,0,5277.777778,7.022142857,0,0,0,0,0,0,2.691785714,1210,0.615357143,0.615357143,0.615357143,0.615357143,0.615357143,0.615357143
2009,11,16,1.07245788,0.79,9.57661757,92.17069861,1013.25,5.329677915,0,3015360,9.808148148,0,17.05,0,1667.037037,0,0,342.3571429,10,3424.814815,0,5260.37037,7.018571429,0,0,0,0,0,0,2.762142857,1230,0.596428571,0.596428571,0.596428571,0.596428571,0.596428571,0.596428571
2009,11,17,3.113114902,0.67,10.07677418,83.79923392,1013.25,5.265660906,0,3335040,9.725185185,0,16.675,0,1656.296296,0,0,341.25,10,3408.518519,0,5242.962963,7.015,0,0,0,0,0,0,2.8325,1250,0.5775,0.5775,0.5775,0.5775,0.5775,0.5775
2009,11,18,0.938969387,0.82,9.364536879,94.85910657,1013.25,5.016079836,0,4898880,9.642222222,0,16.3,0,1645.555556,0,0,340.1428571,10,3392.222222,0,5225.555556,7.011428571,0,0,0,0,0,0,2.902857143,1270,0.558571429,0.558571429,0.558571429,0.558571429,0.558571429,0.558571429
2009,11,19,0.249210569,0.95,11.99779199,98.92264677,1013.25,10.00571895,0,14601600,9.559259259,0,15.925,0,1634.814815,0,0,339.0357143,10,3375.925926,0,5208.148148,7.007857143,0,0,0,0,0,0,2.973214286,1290,0.539642857,0.539642857,0.539642857,0.539642857,0.539642857,0.539642857
2009,11,20,2.182211746,0.81,10.56088693,88.73578992,1013.25,5.285496229,0,18662400,9.476296296,0,15.55,0,1624.074074,0,0,337.9285714,10,3359.62963,0,5190.740741,7.004285714,0,0,0,0,0,0,3.043571429,1310,0.520714286,0.520714286,0.520714286,0.520714286,0.520714286,0.520714286
2009,11,21,0.488863347,0.89,9.729269636,95.59102064,1013.25,4.342586012,0,13392000,9.393333333,0,15.175,0,1613.333333,0,0,336.8214286,10,3343.333333,0,5173.333333,7.000714286,0,0,0,0,0,0,3.113928571,1330,0.501785714,0.501785714,0.501785714,0.501785714,0.501785714,0.501785714
2009,11,22,0.902113736,0.78,9.296760183,89.46590633,1013.25,7.262619321,0,10540800,9.31037037,0,14.8,0,1602.592593,0,0,335.7142857,10,3327.037037,0,5155.925926,6.997142857,0,0,0,0,0,0,3.184285714,1350,0.482857143,0.482857143,0.482857143,0.482857143,0.482857143,0.482857143
2009,11,23,1.642459446,0.7,9.683319334,85.03697674,1013.25,4.329293466,0,8726400,9.227407407,0,14.425,0,1591.851852,0,0,334.6071429,10,3310.740741,0,5138.518519,6.993571429,0,0,0,0,0,0,3.254642857,1370,0.463928571,0.463928571,0.463928571,0.463928571,0.463928571,0.463928571
2009,11,24,0.418181808,0.89,10.71328146,91.70905868,1013.25,6.715770662,0,7819200,9.144444444,0,14.05,0,1581.111111,0,0,333.5,10,3294.444444,0,5121.111111,6.99,0,0,0,0,0,0,3.325,1390,0.445,0.445,0.445,0.445,0.445,0.445
2009,11,25,0.655525369,0.77,9.37158745,74.87869475,1013.25,7.350442157,0,7318080,9.061481481,0,13.675,0,1570.37037,0,0,332.3928571,10,3278.148148,0,5103.703704,6.986428571,0,0,0,0,0,0,3.395357143,1410,0.426071429,0.426071429,0.426071429,0.426071429,0.426071429,0.426071429
2009,11,26,2.025709559,0.69,7.507462192,85.81259026,1013.25,3.960275337,0,6004800,8.978518519,0,13.3,0,1559.62963,0,0,331.2857143,10,3261.851852,0,5086.296296,6.982857143,0,0,0,0,0,0,3.465714286,1430,0.407142857,0.407142857,0.407142857,0.407142857,0.407142857,0.407142857
2009,11,27,2.248033307,0.65,6.756527666,88.15538791,1013.25,1.985277567,0,4855680,8.895555556,0,12.925,0,1548.888889,0,0,330.1785714,10,3245.555556,0,5068.888889,6.979285714,0,0,0,0,0,0,3.536071429,1450,0.388214286,0.388214286,0.388214286,0.388214286,0.388214286,0.388214286
2009,11,28,3.817087329,0.83,4.53919039,96.02628888,1013.25,1.717776668,0,4104000,8.812592593,0,12.55,0,1538.148148,0,0,329.0714286,10,3229.259259,0,5051.481481,6.975714286,0,0,0,0,0,0,3.606428571,1470,0.369285714,0.369285714,0.369285714,0.369285714,0.369285714,0.369285714
2009,11,29,0.618001825,0.89,6.973990945,81.38829335,1013.25,7.576357845,0,3507840,8.72962963,0,12.175,0,1527.407407,0,0,327.9642857,10,3212.962963,0,5034.074074,6.972142857,0,0,0,0,0,0,3.676785714,1490,0.350357143,0.350357143,0.350357143,0.350357143,0.350357143,0.350357143
2009,11,30,3.640779441,0.61,4.20432932,75.41488798,1013.25,5.61305955,0,2894400,8.646666667,0,11.8,0,1516.666667,0,0,326.8571429,10,3196.666667,0,5016.666667,6.968571429,0,0,0,0,0,0,3.747142857,1510,0.331428571,0.331428571,0.331428571,0.331428571,0.331428571,0.331428571
2009,12,1,1.65624406,0.62,2.283928913,95.00150558,1013.25,2.507129565,0,2332800,8.563703704,0,11.425,0,1505.925926,0,0,325.75,10,3180.37037,0,4999.259259,6.965,0,0,0,0,0,0,3.8175,1530,0.3125,0.3125,0.3125,0.3125,0.3125,0.3125
2009,12,2,2.203289161,0.59,7.038217914,98.44907414,1013.25,2.342722208,0,2350080,8.480740741,0,11.05,0,1495.185185,0,0,324.6428571,10,3164.074074,0,4981.851852,6.961428571,0,0,0,0,0,0,3.887857143,1550,0.293571429,0.293571429,0.293571429,0.293571429,0.293571429,0.293571429
2009,12,3,1.063600527,0.77,6.267045791,84.37220981,1013.25,1.505554219,0,2332800,8.397777778,0,10.675,0,1484.444444,0,0,323.5357143,10,3147.777778,0,4964.444444,6.957857143,0,0,0,0,0,0,3.958214286,1570,0.274642857,0.274642857,0.274642857,0.274642857,0.274642857,0.274642857
2009,12,4,2.609479221,0.7,4.659489546,94.11059082,1013.25,1.073258881,0,2160000,8.314814815,0,10.3,0,1473.703704,0,0,322.4285714,10,3131.481481,0,4947.037037,6.954285714,0,0,0,0,0,0,4.028571429,1590,0.255714286,0.255714286,0.255714286,0.255714286,0.255714286,0.255714286
2009,12,5,1.671699823,0.74,8.185044833,97.63896109,1013.25,4.022872191,0,2393280,8.231851852,0,9.925,0,1462.962963,0,0,321.3214286,10,3115.185185,0,4929.62963,6.950714286,0,0,0,0,0,0,4.098928571,1610,0.236785714,0.236785714,0.236785714,0.236785714,0.236785714,0.236785714
2009,12,6,1.438779646,0.66,8.993419434,89.73270624,1013.25,5.832886974,0,3680640,8.148888889,0,9.55,0,1452.222222,0,0,320.2142857,10,3098.888889,0,4912.222222,6.947142857,0,0,0,0,0,0,4.169285714,1630,0.217857143,0.217857143,0.217857143,0.217857143,0.217857143,0.217857143
2009,12,7,0.371769462,0.83,7.754803223,91.92150171,1013.25,4.276984587,0,4536000,8.065925926,0,9.175,0,1441.481481,0,0,319.1071429,10,3082.592593,0,4894.814815,6.943571429,0,0,0,0,0,0,4.239642857,1650,0.198928571,0.198928571,0.198928571,0.198928571,0.198928571,0.198928571
2009,12,8,2.00938148,0.6,8.084041289,93.06173187,1013.25,3.435186082,0,4561920,7.982962963,0,8.8,0,1430.740741,0,0,318,10,3066.296296,0,4877.407407,6.94,0,0,0,0,0,0,4.31,1670,0.18,0.18,0.18,0.18,0.18,0.18
2009,12,9,1.863805944,0.67,9.090028437,89.18204367,1013.25,4.492130727,0,4043520,7.9,0,8.866666667,0,1420,0,0,313.3333333,10.04761905,3050,0,4860,6.941190476,0,0,0,0,0,0,4.36047619,1670.238095,0.179007937,0.179007937,0.179007937,0.179007937,0.179007937,0.179007937
2009,12,10,2.818495658,0.69,5.556352625,95.46986051,1013.25,1.015830468,0,3533760,7.817037037,0,8.933333333,0,1416.341463,0,0,308.6666667,10.0952381,3057.804878,0,4862.926829,6.942380952,0,0,0,0,0,0,4.410952381,1670.47619,0.178015873,0.178015873,0.178015873,0.178015873,0.178015873,0.178015873
2009,12,11,3.130532875,0.67,2.269485333,96.44485375,1013.25,1.584140792,0,2868480,7.734074074,0,9,0,1412.682927,0,0,304,10.14285714,3065.609756,0,4865.853659,6.943571429,0,0,0,0,0,0,4.461428571,1670.714286,0.17702381,0.17702381,0.17702381,0.17702381,0.17702381,0.17702381
2009,12,12,3.035977838,0.64,2.760291278,95.0092799,1013.25,1.496610346,0,2367360,7.651111111,0,9.066666667,0,1409.02439,0,0,299.3333333,10.19047619,3073.414634,0,4868.780488,6.944761905,0,0,0,0,0,0,4.511904762,1670.952381,0.176031746,0.176031746,0.176031746,0.176031746,0.176031746,0.176031746
2009,12,13,2.088542747,0.6,3.83735288,92.81934567,1013.25,1.192860697,0,1961280,7.568148148,0,9.133333333,0,1405.365854,0,0,294.6666667,10.23809524,3081.219512,0,4871.707317,6.945952381,0,0,0,0,0,0,4.562380952,1671.190476,0.175039683,0.175039683,0.175039683,0.175039683,0.175039683,0.175039683
2009,12,14,1.017299275,0.74,4.820376201,89.28991394,1013.25,1.458095487,0,1650240,7.485185185,0,9.2,0,1401.707317,0,0,290,10.28571429,3089.02439,0,4874.634146,6.947142857,0,0,0,0,0,0,4.612857143,1671.428571,0.174047619,0.174047619,0.174047619,0.174047619,0.174047619,0.174047619
2009,12,15,1.301392399,0.88,7.160467907,83.10193119,1013.25,2.748310352,0,1391040,7.402222222,0,9.266666667,0,1398.04878,0,0,285.3333333,10.33333333,3096.829268,0,4877.560976,6.948333333,0,0,0,0,0,0,4.663333333,1671.666667,0.173055556,0.173055556,0.173055556,0.173055556,0.173055556,0.173055556
2009,12,16,0.603340019,0.75,6.542019474,82.63670248,1013.25,3.144421548,0,1183680,7.319259259,0,9.333333333,0,1394.390244,0,0,280.6666667,10.38095238,3104.634146,0,4880.487805,6.94952381,0,0,0,0,0,0,4.713809524,1671.904762,0.172063492,0.172063492,0.172063492,0.172063492,0.172063492,0.172063492
2009,12,17,1.693771384,0.75,3.362526669,79.18944106,1013.25,4.312139651,0,1019520,7.236296296,0,9.4,0,1390.731707,0,0,276,10.42857143,3112.439024,0,4883.414634,6.950714286,0,0,0,0,0,0,4.764285714,1672.142857,0.171071429,0.171071429,0.171071429,0.171071429,0.171071429,0.171071429
2009,12,18,3.027886318,0.64,0.572117428,77.88725959,1013.25,3.866578383,0,815616,7.153333333,0,9.466666667,0,1387.073171,0,0,271.3333333,10.47619048,3120.243902,0,4886.341463,6.951904762,0,0,0,0,0,0,4.814761905,1672.380952,0.170079365,0.170079365,0.170079365,0.170079365,0.170079365,0.170079365
2009,12,19,1.239788211,0.81,-1.13246584,90.43280196,1013.25,1.883530521,0,699840,7.07037037,0,9.533333333,0,1383.414634,0,0,266.6666667,10.52380952,3128.04878,0,4889.268293,6.953095238,0,0,0,0,0,0,4.865238095,1672.619048,0.169087302,0.169087302,0.169087302,0.169087302,0.169087302,0.169087302
2009,12,20,0.935595678,0.91,0.561753007,89.81150871,1013.25,1.871230315,0,625536,6.987407407,0,9.6,0,1379.756098,0,0,262,10.57142857,3135.853659,0,4892.195122,6.954285714,0,0,0,0,0,0,4.915714286,1672.857143,0.168095238,0.168095238,0.168095238,0.168095238,0.168095238,0.168095238
2009,12,21,1.567746512,0.7,2.444360672,90.47328565,1013.25,3.854036248,0,607392,6.904444444,0,9.666666667,0,1376.097561,0,0,257.3333333,10.61904762,3143.658537,0,4895.121951,6.95547619,0,0,0,0,0,0,4.966190476,1673.095238,0.167103175,0.167103175,0.167103175,0.167103175,0.167103175,0.167103175
2009,12,22,0.938098432,0.78,1.693886262,94.06530186,1013.25,2.420029771,0,584928,6.821481481,0,9.733333333,0,1372.439024,0,0,252.6666667,10.66666667,3151.463415,0,4898.04878,6.956666667,0,0,0,0,0,0,5.016666667,1673.333333,0.166111111,0.166111111,0.166111111,0.166111111,0.166111111,0.166111111
2009,12,23,2.923561809,0.66,2.747785382,91.0289493,1013.25,1.854587767,0,578016,6.738518519,0,9.8,0,1368.780488,0,0,248,10.71428571,3159.268293,0,4900.97561,6.957857143,0,0,0,0,0,0,5.067142857,1673.571429,0.165119048,0.165119048,0.165119048,0.165119048,0.165119048,0.165119048
2009,12,24,1.04534868,0.75,1.750159442,90.539348,1013.25,1.129585775,0,537408,6.655555556,0,9.866666667,0,1365.121951,0,0,243.3333333,10.76190476,3167.073171,0,4903.902439,6.959047619,0,0,0,0,0,0,5.117619048,1673.809524,0.164126984,0.164126984,0.164126984,0.164126984,0.164126984,0.164126984
2009,12,25,1.814456973,0.71,-0.052703961,95.48993121,1013.25,0.908776091,0,499392,6.572592593,0,9.933333333,0,1361.463415,0,0,238.6666667,10.80952381,3174.878049,0,4906.829268,6.960238095,0,0,0,0,0,0,5.168095238,1674.047619,0.163134921,0.163134921,0.163134921,0.163134921,0.163134921,0.163134921
2009,12,26,0.726150963,0.85,2.690522371,97.44555393,1013.25,1.56023146,0,515808,6.48962963,0,10,0,1357.804878,0,0,234,10.85714286,3182.682927,0,4909.756098,6.961428571,0,0,0,0,0,0,5.218571429,1674.285714,0.162142857,0.162142857,0.162142857,0.162142857,0.162142857,0.162142857
2009,12,27,1.635828527,0.59,3.418148888,93.94456732,1013.25,1.722944236,0,676512,6.406666667,0,10.06666667,0,1354.146341,0,0,229.3333333,10.9047619,3190.487805,0,4912.682927,6.962619048,0,0,0,0,0,0,5.269047619,1674.52381,0.161150794,0.161150794,0.161150794,0.161150794,0.161150794,0.161150794
2009,12,28,2.378226413,0.62,-0.096671798,95.26337076,1013.25,1.300587997,0,776736,6.323703704,0,10.13333333,0,1350.487805,0,0,224.6666667,10.95238095,3198.292683,0,4915.609756,6.963809524,0,0,0,0,0,0,5.31952381,1674.761905,0.16015873,0.16015873,0.16015873,0.16015873,0.16015873,0.16015873
2009,12,29,1.314546127,0.67,3.030731941,82.93394094,1013.25,3.564591557,0,782784,6.240740741,0,10.2,0,1346.829268,0,0,220,11,3206.097561,0,4918.536585,6.965,0,0,0,0,0,0,5.37,1675,0.159166667,0.159166667,0.159166667,0.159166667,0.159166667,0.159166667
2009,12,30,0.956720721,0.78,4.212818897,74.27177172,1013.25,4.641012659,0,757728,6.157777778,0,10.26666667,0,1343.170732,0,0,215.3333333,11.04761905,3213.902439,0,4921.463415,6.966190476,0,0,0,0,0,0,5.42047619,1675.238095,0.158174603,0.158174603,0.158174603,0.158174603,0.158174603,0.158174603
2009,12,31,1.646272356,0.7,2.373238592,78.4604161,1013.25,3.301845893,0,705024,6.074814815,0,10.33333333,0,1339.512195,0,0,210.6666667,11.0952381,3221.707317,0,4924.390244,6.967380952,0,0,0,0,0,0,5.470952381,1675.47619,0.15718254,0.15718254,0.15718254,0.15718254,0.15718254,0.15718254
